Frame #,# Obj,X,Y,Z,Doppler,Intensity
72,5,0,3.0732,-0.12207,0,5
72,5,0,3.0947,0.24219,0,4
72,5,0.094727,3.042,-0.12207,-0.356,8
72,5,0,3.0752,0,-0.356,9
72,5,0,3.1045,0,-0.356,7
73,5,0.094727,3.0332,0.26465,0,5
73,5,0.095703,3.0674,0.19238,0,5
73,5,0.094727,3.04,0.1582,-0.356,8
73,5,0.095703,3.0732,-0.076172,-0.356,8
73,5,0.28809,3.0615,0.010742,-0.356,8
74,5,0,2.9854,0.11816,-0.356,7
74,5,0.094727,3.0098,0.18848,-0.356,8
74,5,0.19434,3.0918,-0.20996,-0.356,5
74,5,0.097656,3.1299,-0.125,-0.356,5
74,5,0.098633,3.1611,0.072266,-0.356,4
75,12,0,2.9551,0.13379,0,5
75,12,0.18652,2.9814,-0.035156,0,7
75,12,0.18848,3.0088,-0.12109,0,7
75,12,0,3.0459,0,0,4
75,12,0.18457,2.9502,-0.11914,-0.71201,6
75,12,0.09375,2.9834,-0.11914,-0.71201,7
75,12,0.094727,3.0039,-0.25684,-0.71201,7
75,12,0.18262,2.9229,0.066406,-0.356,5
75,12,0.092773,2.9561,-0.075195,-0.356,9
75,12,0.09375,2.9844,-0.10059,-0.356,12
75,12,0.094727,3.0098,-0.17676,-0.356,12
75,12,0.094727,3.0391,-0.17871,-0.356,8
76,8,0.091797,2.918,0.23438,0,5
76,8,0.092773,2.9395,0.31836,0,5
76,8,0,2.8936,-0.18262,-0.71201,5
76,8,0.18262,2.918,0.18164,-0.71201,8
76,8,0.092773,2.9512,0.18457,-0.71201,7
76,8,0.18164,2.8916,-0.11719,-0.356,7
76,8,0.18262,2.9229,0.037109,-0.356,10
76,8,0.092773,2.9453,0.25977,-0.356,9
77,6,0.094727,3.0391,-0.18457,0,7
77,6,0.095703,3.0645,-0.24121,0,8
77,6,0.18848,2.9951,-0.30371,-0.356,7
77,6,0.38086,3.0176,-0.1748,-0.356,14
77,6,0.28809,3.0596,-0.12891,-0.356,16
77,6,0.29102,3.0908,-0.018555,-0.356,13
78,4,0.088867,2.8369,-0.11328,-0.71201,6
78,4,0,2.8115,-0.042969,-0.356,6
78,4,0,2.8408,0,-0.356,8
78,4,0,2.8701,0,-0.356,7
79,7,0.17383,2.7764,-0.0625,0,5
79,7,0,2.749,0.15723,-0.356,6
79,7,0.086914,2.7793,-0.10059,-0.356,8
79,7,0.087891,2.8066,0.13672,-0.356,7
79,7,0,3.1152,-1.0264,-0.356,4
79,7,0.10352,2.834,-1.7061,-0.356,5
79,7,0,2.7246,-1.9297,-0.356,4
131,3,0,3.1758,-0.32715,-0.356,6
131,3,0.10059,3.2129,-0.21387,-0.356,8
131,3,0,3.2344,-0.33301,-0.356,6
132,3,0.19043,3.0381,-0.11133,-0.356,7
132,3,0.095703,3.0723,0.089844,-0.356,9
132,3,0.19434,3.0986,0.0058594,-0.356,8
134,1,0,3.0439,0.12012,-0.356,5
135,9,0,2.9805,0.20801,0,6
135,9,0.094727,3.0098,0.18848,0,7
135,9,0,3.042,0.16016,0,6
135,9,0.094727,3.0098,0.18848,-0.71201,6
135,9,0,2.9375,0.35156,-0.356,8
135,9,0.09375,2.9863,0.026367,-0.356,13
135,9,0.094727,3.0127,0.12109,-0.356,15
135,9,0.094727,3.0439,0.080078,-0.356,13
135,9,0.095703,3.0723,0.089844,-0.356,9
136,10,0,2.9863,0.073242,0,5
136,10,0,3.0166,0,0,7
136,10,0,3.0391,-0.21191,0,6
136,10,0,3.0723,-0.13867,0,5
136,10,0.09375,2.9756,-0.25391,-0.356,11
136,10,0.18848,2.999,-0.27051,-0.356,15
136,10,0.094727,3.0342,-0.25098,-0.356,14
136,10,0.095703,3.0576,-0.31641,-0.356,12
136,10,0.19434,3.083,-0.30859,-0.356,10
136,10,0.29395,3.1172,-0.14063,-0.356,8
137,6,0,2.918,-0.24805,0,5
137,6,0.092773,2.957,-0.00097656,0,6
137,6,0.09375,2.9805,0.18652,0,5
137,6,0,2.9268,-0.1123,-0.356,8
137,6,0.18457,2.9502,-0.12109,-0.356,11
137,6,0.09375,2.9863,-0.023438,-0.356,10
138,30,0,2.8555,0.29395,0,6
138,30,0,2.8994,0,0,9
138,30,0.091797,2.9248,0.12207,0,10
138,30,0,2.957,0.084961,0,8
138,30,0.09375,2.9844,0.088867,0,7
138,30,0.18848,3.0107,0.047852,0,8
138,30,0.19043,3.0332,-0.20313,0,11
138,30,0.19238,3.0693,-0.039063,0,13
138,30,0.29102,3.0908,0.044922,0,11
138,30,0.29395,3.1172,0.125,0,6
138,30,0,2.8701,0,-0.71201,7
138,30,0.09082,2.8984,-0.017578,-0.71201,11
138,30,0.18262,2.9189,-0.16211,-0.71201,12
138,30,0.092773,2.9541,-0.11816,-0.71201,9
138,30,0,2.9805,-0.19727,-0.71201,6
138,30,0.18848,2.9873,-0.37695,-0.71201,7
138,30,0.19043,3.0361,-0.15137,-0.71201,10
138,30,0.28809,3.0557,-0.19238,-0.71201,12
138,30,0.19434,3.0947,-0.14551,-0.71201,9
138,30,0,2.8359,0.16309,-0.356,5
138,30,0.089844,2.8682,-0.054688,-0.356,12
138,30,0,2.8994,-0.0058594,-0.356,17
138,30,0.091797,2.9268,-0.041992,-0.356,19
138,30,0.092773,2.9561,0.037109,-0.356,16
138,30,0.18652,2.9805,-0.067383,-0.356,13
138,30,0.18848,3.002,-0.22949,-0.356,16
138,30,0.28516,3.0234,-0.23047,-0.356,25
138,30,0.28809,3.0537,-0.21973,-0.356,29
138,30,0.29102,3.0879,-0.12793,-0.356,23
138,30,0.19629,3.1279,-0.043945,-0.356,12
139,24,0,2.8096,-0.11133,0,4
139,24,0.17773,2.835,0.010742,0,8
139,24,0.089844,2.8682,0.049805,0,10
139,24,0.09082,2.8945,0.15039,0,10
139,24,0,2.9277,0.084961,0,8
139,24,0.2832,3.002,-0.089844,0,10
139,24,0.28516,3.0283,-0.16895,0,12
139,24,0.28809,3.0615,-0.016602,0,10
139,24,0.088867,2.8398,-0.035156,-0.71201,11
139,24,0.089844,2.8691,-0.0039063,-0.71201,15
139,24,0.09082,2.8975,-0.060547,-0.71201,14
139,24,0.18262,2.9219,0.095703,-0.71201,11
139,24,0.2832,2.9922,-0.2627,-0.71201,9
139,24,0.28516,3.0293,-0.13379,-0.71201,11
139,24,0.28809,3.0488,-0.27734,-0.71201,9
139,24,0,2.8115,0.052734,-0.356,8
139,24,0.17773,2.835,-0.064453,-0.356,16
139,24,0.089844,2.8672,0.10059,-0.356,20
139,24,0.09082,2.8975,0.066406,-0.356,20
139,24,0.091797,2.9248,0.13086,-0.356,16
139,24,0.092773,2.957,-0.011719,-0.356,11
139,24,0.2832,2.998,-0.18164,-0.356,20
139,24,0.28516,3.0264,-0.19043,-0.356,23
139,24,0.28809,3.0547,-0.21094,-0.356,19
140,2,0.087891,2.7998,-0.23926,-0.356,5
140,2,0.088867,2.8369,-0.11328,-0.356,5
141,3,0.17383,2.7734,-0.13086,-0.356,6
141,3,0.17578,2.8037,0.11328,-0.356,8
141,3,0.2666,2.8232,0.17578,-0.356,7
142,4,0.18457,2.9287,-0.37012,0,6
142,4,0.17188,2.7471,-0.0625,-0.356,7
142,4,0.17383,2.7764,-0.050781,-0.356,8
142,4,0.18457,2.9385,-0.28418,-0.356,11
143,3,0.084961,2.7129,-0.23145,-0.356,6
143,3,0,2.7383,-0.28223,-0.356,6
143,3,0,2.7822,0,-0.356,4
185,2,0.095703,3.0742,0.016602,-0.356,5
185,2,0.19434,3.0977,0.070313,-0.356,5
187,9,0,3.0137,-0.13672,0,5
187,9,0,3.0459,0.053711,0,6
187,9,0.19238,3.0635,0.19141,0,6
187,9,0,3.0947,0.24219,0,4
187,9,0.18848,3.0098,-0.068359,-0.356,10
187,9,0.094727,3.0439,-0.075195,-0.356,12
187,9,0.095703,3.0742,-0.0039063,-0.356,11
187,9,0.09668,3.1025,0.061523,-0.356,9
187,9,0.097656,3.1191,-0.29004,-0.356,7
188,2,0,3.0156,-0.083008,-0.356,6
188,2,0.094727,3.0381,-0.20215,-0.356,6
189,3,0,2.9492,0.23047,-0.356,6
189,3,0.09375,2.9854,0.068359,-0.356,7
189,3,0,3.0117,0.17285,-0.356,5
190,25,0,2.8994,0,0,6
190,25,0.091797,2.9258,0.094727,0,10
190,25,0.092773,2.9561,0.081055,0,11
190,25,0.09375,2.9854,0.051758,0,10
190,25,0.094727,3.0068,0.23047,0,7
190,25,0.28516,3.0293,-0.13379,0,8
190,25,0.19238,3.0684,-0.069336,0,9
190,25,0.19434,3.0977,-0.070313,0,9
190,25,0.19629,3.1221,-0.19531,0,7
190,25,0,2.8848,-0.29688,-0.71201,6
190,25,0.18262,2.9229,-0.066406,-0.71201,10
190,25,0.092773,2.957,-0.011719,-0.71201,11
190,25,0.18652,2.9814,-0.032227,-0.71201,9
190,25,0.28809,3.042,-0.35059,-0.71201,9
190,25,0.19434,3.082,-0.31543,-0.71201,8
190,25,0.09082,2.8965,0.10449,-0.356,12
190,25,0,2.9287,0.033203,-0.356,18
190,25,0.18457,2.9521,0.023438,-0.356,22
190,25,0.09375,2.9854,0.067383,-0.356,18
190,25,0.094727,3.0156,-0.00097656,-0.356,13
190,25,0.19043,3.0342,-0.18945,-0.356,16
190,25,0.19238,3.0654,-0.16211,-0.356,20
190,25,0.19434,3.0938,-0.16406,-0.356,19
190,25,0.19629,3.1152,-0.28125,-0.356,14
190,25,0.098633,3.1504,-0.26953,-0.356,8
191,5,0.094727,3.0332,-0.25879,0,5
191,5,0.2832,3.001,0.12012,-0.356,9
191,5,0.19043,3.0391,-0.068359,-0.356,11
191,5,0.19238,3.0615,-0.22266,-0.356,11
191,5,0.19434,3.0889,-0.24805,-0.356,9
192,14,0,2.8408,0,0,7
192,14,0.17969,2.8594,0.17871,0,9
192,14,0.09082,2.8975,0.070313,0,8
192,14,0,2.9229,0.18359,0,5
192,14,0.088867,2.8359,-0.1416,-0.71201,9
192,14,0.089844,2.8643,-0.16797,-0.71201,11
192,14,0.09082,2.8965,-0.092773,-0.71201,10
192,14,0,2.8115,0,-0.356,7
192,14,0.088867,2.8398,-0.037109,-0.356,14
192,14,0.17969,2.8643,-0.00097656,-0.356,18
192,14,0.27148,2.8867,-0.015625,-0.356,16
192,14,0.18262,2.9229,0.066406,-0.356,10
192,14,0.18848,2.998,-0.2793,-0.356,11
192,14,0.10449,2.2051,-2.5049,-0.356,4
193,8,0,2.8389,-0.1123,0,4
193,8,0.17969,2.8643,0.064453,0,5
193,8,0.088867,2.8398,0.014648,-0.71201,5
193,8,0.17969,2.832,-0.42871,-0.71201,5
193,8,0.26367,2.7988,0.0625,-0.356,7
193,8,0.088867,2.8398,-0.03125,-0.356,8
193,8,0.089844,2.8633,-0.18164,-0.356,8
193,8,0,2.7832,-1.8447,-0.356,6
194,5,0.086914,2.7813,-0.00097656,0,5
194,5,0,2.8115,0,0,5
194,5,0.17188,2.7471,0.0625,-0.356,7
194,5,0.086914,2.7803,0.076172,-0.356,9
194,5,0.17578,2.8066,0.015625,-0.356,9
195,6,0.084961,2.7207,-0.1084,0,5
195,6,0.085938,2.7461,0.17188,0,6
195,6,0,2.7822,0,0,5
195,6,0.084961,2.7178,-0.15527,-0.356,9
195,6,0.17188,2.7441,-0.13477,-0.356,11
195,6,0.086914,2.7773,-0.14746,-0.356,9
196,3,0,2.6807,-0.27637,-0.356,6
196,3,0.16992,2.7178,-0.049805,-0.356,8
196,3,0.085938,2.7422,-0.23438,-0.356,6
197,2,0.16797,2.668,-0.33691,-0.356,7
197,2,0.25488,2.7119,0.041992,-0.356,6
237,3,0.19727,3.1563,-0.071289,-0.356,4
237,3,0,3.1924,0,-0.356,3
237,3,-0.99805,1.1807,2.793,-0.356,2
238,1,0.099609,3.1914,-0.00097656,-0.356,4
239,2,0,3.1279,0.19727,-0.356,5
239,2,0.19727,3.1563,-0.071289,-0.356,5
240,3,0.19434,3.0889,-0.24805,-0.356,7
240,3,0.097656,3.1133,-0.34277,-0.356,8
240,3,0.19727,3.1484,-0.2373,-0.356,6
241,18,0,2.9717,0.30566,0,5
241,18,0.094727,2.9961,0.33887,0,6
241,18,0.28516,3.0303,0.12207,0,8
241,18,0.19238,3.0645,-0.17773,0,7
241,18,0.19434,3.0625,-0.4707,0,6
241,18,0.19629,3.1191,-0.22656,0,6
241,18,0.09375,2.9814,-0.16406,-0.71201,8
241,18,0.094727,3.0117,-0.15625,-0.71201,9
241,18,0.19043,3.0254,-0.30371,-0.71201,9
241,18,0,2.957,0.082031,-0.356,7
241,18,0.09375,2.9844,0.084961,-0.356,11
241,18,0.18848,3.0107,0.0058594,-0.356,14
241,18,0.19043,3.04,-0.03418,-0.356,15
241,18,0.19238,3.0615,-0.2168,-0.356,16
241,18,0.19434,3.083,-0.30566,-0.356,15
241,18,0.29395,3.0977,-0.37695,-0.356,14
241,18,0.19727,3.1406,-0.31836,-0.356,10
241,18,0.19922,3.1777,-0.23145,-0.356,6
242,16,0,3.0703,-0.17578,0,7
242,16,0,3.1006,-0.1543,0,6
242,16,0,2.8975,-0.10254,-0.71201,7
242,16,0,2.9287,-0.03125,-0.71201,10
242,16,0,2.958,0.035156,-0.71201,10
242,16,0.09375,2.9844,0.088867,-0.71201,8
242,16,0.19238,3.0547,-0.2959,-0.71201,8
242,16,0,3.1006,-0.16309,-0.71201,6
242,16,0,2.8936,0.18262,-0.356,6
242,16,0,2.9287,0.060547,-0.356,9
242,16,0,2.9531,0.16895,-0.356,10
242,16,0,2.9814,0.1875,-0.356,7
242,16,0.19043,3.0137,-0.40137,-0.356,12
242,16,0.19238,3.0605,-0.23828,-0.356,15
242,16,0,3.1016,-0.14063,-0.356,13
242,16,0,3.1318,-0.11035,-0.356,9
243,29,0,2.832,0.22168,0,4
243,29,0.089844,2.8691,0.02832,0,7
243,29,0.09082,2.8828,0.2959,0,7
243,29,0,2.9229,0.19336,0,6
243,29,0.092773,2.916,0.48828,0,5
243,29,0.19043,3.0352,-0.16895,0,10
243,29,0.19238,3.0605,-0.22559,0,13
243,29,0.29102,3.0898,-0.071289,0,12
243,29,0,3.1318,-0.12012,0,8
243,29,0,2.8408,0,-0.71201,8
243,29,0.089844,2.8691,-0.026367,-0.71201,14
243,29,0.18164,2.8936,-0.0029297,-0.71201,17
243,29,0.18262,2.9229,0.037109,-0.71201,14
243,29,0.092773,2.957,0.029297,-0.71201,9
243,29,0.28516,3.0283,-0.16113,-0.71201,11
243,29,0.19238,3.0313,-0.48242,-0.71201,15
243,29,0.19434,3.0586,-0.49707,-0.71201,15
243,29,0.097656,3.1113,-0.36328,-0.71201,11
243,29,0,2.8408,0,-0.356,9
243,29,0.089844,2.8691,-0.0039063,-0.356,15
243,29,0.09082,2.8984,-0.020508,-0.356,18
243,29,0.18262,2.9229,0.033203,-0.356,16
243,29,0.092773,2.9512,0.18457,-0.356,10
243,29,0.2832,3.002,-0.082031,-0.356,10
243,29,0.28516,3.0225,-0.24219,-0.356,19
243,29,0.28809,3.0527,-0.23242,-0.356,25
243,29,0.19434,3.085,-0.29199,-0.356,23
243,29,0.097656,3.1201,-0.27832,-0.356,16
243,29,0,3.1465,-0.32422,-0.356,7
244,12,0,2.8408,0,0,5
244,12,0,2.8643,0.18066,0,6
244,12,0.09082,2.8662,0.42676,0,5
244,12,0,2.8311,-0.24121,-0.71201,7
244,12,0.089844,2.8682,0.06543,-0.71201,8
244,12,0.17578,2.8057,-0.047852,-0.356,8
244,12,0.088867,2.8398,0.011719,-0.356,11
244,12,0.089844,2.8672,0.09668,-0.356,12
244,12,0.09082,2.8975,0.076172,-0.356,9
244,12,0,2.8662,-1.6553,-0.356,3
244,12,0.20898,2.9941,-1.4619,-0.356,4
244,12,-1.0342,2.3672,-2.0684,-0.356,2
245,5,0.18848,3.0059,-0.1748,0,7
245,5,0,2.8379,-0.1416,-0.356,6
245,5,0,2.8701,0,-0.356,6
245,5,0.094727,3.0039,-0.25684,-0.356,12
245,5,0.094727,3.0283,-0.31543,-0.356,11
305,3,0.095703,3.0723,0.083984,-0.356,7
305,3,0,3.1826,-0.24902,-0.356,4
305,3,0,3.2197,-0.12793,-0.356,4
307,3,0.095703,3.0742,-0.014648,-0.356,6
307,3,0.29102,3.085,-0.19434,-0.356,7
307,3,0.19629,3.1035,-0.3916,-0.356,6
308,2,0,2.9844,0.13477,-0.356,6
308,2,0.09668,3.0791,-0.38672,-0.356,5
309,11,0.094727,3.042,-0.12207,0,5
309,11,0.28809,3.0596,0.12305,0,7
309,11,0.09668,3.1025,0.053711,0,7
309,11,0.19629,3.1279,0.011719,0,6
309,11,0,2.9063,-0.55371,-0.356,5
309,11,0.09375,2.9629,-0.37207,-0.356,7
309,11,0,3.0078,-0.23535,-0.356,6
309,11,0.19043,3.04,0.022461,-0.356,9
309,11,0.19238,3.0684,-0.091797,-0.356,13
309,11,0.19434,3.0938,-0.17188,-0.356,13
309,11,0.19629,3.127,-0.053711,-0.356,10
310,17,0,2.8848,0.29688,0,4
310,17,0.091797,2.9268,0.080078,0,7
310,17,0.092773,2.9512,-0.18652,0,8
310,17,0.09375,2.9834,-0.11914,0,7
310,17,0.094727,3.0146,0.038086,0,6
310,17,0.19043,3.0371,-0.14355,0,6
310,17,0.19238,3.0596,-0.24512,0,5
310,17,0.092773,2.9561,-0.045898,-0.71201,6
310,17,0,2.9844,-0.13477,-0.71201,6
310,17,0,2.8984,-0.083984,-0.356,8
310,17,0.18262,2.9229,-0.0058594,-0.356,13
310,17,0.092773,2.9551,-0.089844,-0.356,15
310,17,0.18652,2.9746,-0.20508,-0.356,15
310,17,0.094727,3.0039,-0.25684,-0.356,13
310,17,0.094727,3.0361,-0.22754,-0.356,12
310,17,0.19238,3.0518,-0.32715,-0.356,12
310,17,0.19434,3.0859,-0.27832,-0.356,10
311,10,0.17773,2.8311,0.15723,0,5
311,10,0,2.8691,0.079102,0,7
311,10,0.09082,2.8955,0.11426,0,9
311,10,0.091797,2.9268,-0.044922,0,8
311,10,0,2.9492,0.23047,0,5
311,10,0.088867,2.8369,-0.11328,-0.356,9
311,10,0,2.8682,-0.097656,-0.356,14
311,10,0.09082,2.8965,-0.095703,-0.356,17
311,10,0.091797,2.9277,0.0048828,-0.356,15
311,10,0.092773,2.9551,-0.089844,-0.356,10
312,8,0.089844,2.8633,0.17969,0,6
312,8,0,2.8936,0.18262,0,5
312,8,0,2.7813,0.41504,-0.356,5
312,8,0.088867,2.8379,0.099609,-0.356,10
312,8,0.089844,2.8672,0.10938,-0.356,13
312,8,0,2.8994,0.060547,-0.356,11
312,8,0.091797,2.9219,0.18262,-0.356,7
312,8,0.28516,3.0322,-0.069336,-0.356,8
353,3,0.094727,3.0146,0.038086,-0.356,6
353,3,0.094727,3.043,0.09082,-0.356,7
353,3,0.19238,3.0449,0.38477,-0.356,6
354,13,0,3.0996,-0.46289,-0.71201,4
354,13,0,3.1289,-0.4668,-0.71201,4
354,13,0,3.1758,-0.32715,-0.71201,3
354,13,0.09375,2.9863,-0.021484,-0.356,6
354,13,0.094727,3.0098,0.18848,-0.356,7
354,13,0.19043,3.04,-0.016602,-0.356,6
354,13,0.19238,3.0342,-0.46582,-0.356,5
354,13,0.09668,3.0791,-0.38672,-0.356,7
354,13,0,3.1123,-0.36816,-0.356,8
354,13,0,3.1602,-0.14258,-0.356,7
354,13,0.099609,3.1904,0.016602,-0.356,5
354,13,-1.1973,1.7393,2.3945,-0.71201,2
354,13,-0.96094,0,-3.0059,-0.356,3
355,6,0.092773,2.9561,-0.045898,0,6
355,6,0,2.9873,0,0,6
355,6,0,2.957,-0.082031,-0.356,7
355,6,0.18652,2.9805,0.09082,-0.356,10
355,6,0,3.0166,0.032227,-0.356,7
355,6,0.19434,3.0557,-0.51074,-0.356,6
356,2,0.092773,2.9551,0.10645,-0.356,6
356,2,0.09375,2.9805,0.18652,-0.356,6
357,16,0,2.8613,0.22363,0,5
357,16,0,2.8994,0,0,8
357,16,0.091797,2.9277,0.032227,0,9
357,16,0,2.9424,0.30273,0,5
357,16,0.19043,3.0303,-0.24316,0,7
357,16,0.19238,3.0693,-0.052734,0,7
357,16,0,3.0986,-0.19531,0,4
357,16,0,2.9258,-0.13184,-0.71201,7
357,16,0,2.8701,0.019531,-0.356,9
357,16,0.09082,2.8975,0.039063,-0.356,15
357,16,0,2.9287,-0.0078125,-0.356,16
357,16,0.092773,2.9561,0.06543,-0.356,11
357,16,0.18848,3,-0.25781,-0.356,8
357,16,0.19043,3.0332,-0.2041,-0.356,14
357,16,0.19238,3.0654,-0.14453,-0.356,14
357,16,0.19434,3.085,-0.28613,-0.356,9
358,8,0,2.8701,0.053711,0,6
358,8,0,2.8955,0.15234,0,6
358,8,0,2.9219,0.2041,0,5
358,8,0,2.8994,0,-0.71201,5
358,8,0.088867,2.8369,-0.11328,-0.356,7
358,8,0.089844,2.8682,-0.063477,-0.356,12
358,8,0.09082,2.8975,-0.051758,-0.356,13
358,8,0.091797,2.9268,0.06543,-0.356,10
359,3,0,2.8701,0,-0.356,6
359,3,0.09082,2.8975,0.049805,-0.356,5
359,3,0.19043,3.0391,-0.068359,-0.356,6
395,2,0,3.251,0,-0.356,3
395,2,0,3.2627,-0.33594,-0.356,2
397,3,0.19922,3.1797,-0.19824,-0.356,4
397,3,0,3.2217,0,-0.356,3
397,3,0.50293,3.1758,0.20117,-0.356,3
398,5,0.19629,3.1123,-0.31543,-0.356,6
398,5,0.10059,3.209,-0.27441,-0.356,3
398,5,0,3.2158,-0.47949,-0.356,2
398,5,-1.208,2.876,0.80566,-0.356,2
398,5,-1.4219,0.67383,-2.8447,-0.356,2
399,11,0.094727,3.042,-0.12207,0,5
399,11,0.19238,3.0654,-0.14453,0,6
399,11,0,3.1016,-0.14063,0,5
399,11,0,3.1074,-0.4043,0,5
399,11,0,3.1289,-0.4668,0,5
399,11,0.094727,3.0127,-0.12012,-0.356,7
399,11,0.094727,3.0391,-0.17871,-0.356,10
399,11,0.28809,3.0596,-0.11719,-0.356,12
399,11,0.29102,3.0889,-0.1123,-0.356,12
399,11,0.097656,3.1133,-0.34668,-0.356,10
399,11,0,3.1416,-0.37207,-0.356,8
400,11,0.091797,2.9219,0.18262,0,6
400,11,0,2.9443,0.29004,0,7
400,11,0.09375,2.9834,0.13086,0,8
400,11,0,3.0137,0.13672,0,5
400,11,0.091797,2.9268,-0.044922,-0.71201,6
400,11,0,2.957,-0.084961,-0.71201,8
400,11,0.09375,2.9863,-0.021484,-0.71201,8
400,11,0,2.9287,0,-0.356,10
400,11,0.092773,2.9561,0.038086,-0.356,15
400,11,0.09375,2.9863,-0.023438,-0.356,14
400,11,0.18848,3.0088,0.12109,-0.356,10
401,11,0,2.8955,0.14453,0,6
401,11,0.091797,2.9219,0.18262,0,8
401,11,0,2.9492,0.23047,0,6
401,11,0.18262,2.918,-0.17285,-0.71201,8
401,11,0,2.9521,-0.18555,-0.71201,6
401,11,0,2.8701,0,-0.356,6
401,11,0,2.8994,-0.013672,-0.356,11
401,11,0.091797,2.9268,-0.068359,-0.356,14
401,11,0.092773,2.9561,-0.036133,-0.356,12
401,11,0,2.9873,0,-0.356,6
401,11,0.28809,3.0557,-0.19238,-0.356,9
402,14,0,2.8555,0.29395,0,5
402,14,0,2.8721,0.39648,0,7
402,14,0,2.918,0.24805,0,7
402,14,0.19043,3.04,-0.011719,0,5
402,14,0.28809,3.0596,0.12305,0,5
402,14,0.088867,2.834,0.17773,-0.356,5
402,14,0.089844,2.8662,0.12598,-0.356,9
402,14,0,2.8984,0.071289,-0.356,12
402,14,0.18262,2.9229,0.058594,-0.356,13
402,14,0,2.957,0.078125,-0.356,9
402,14,0.2832,2.9971,-0.18848,-0.356,9
402,14,0.28516,3.0283,-0.16406,-0.356,12
402,14,0.28809,3.0547,-0.21289,-0.356,12
402,14,0.29102,3.0908,-0.060547,-0.356,8
447,2,0,3.1338,0,-0.356,5
447,2,0,3.1553,0.21973,-0.356,4
451,4,0,3.0693,0.19336,0,4
451,4,0.19043,3.0352,-0.17969,-0.356,8
451,4,0.095703,3.0732,-0.068359,-0.356,8
451,4,0.19434,3.0977,0.070313,-0.356,7
453,14,0,2.9561,0.10449,0,6
453,14,0,2.9795,0.21973,0,8
453,14,0.094727,3.0078,0.20898,0,9
453,14,0.094727,3.043,0.09082,0,7
453,14,0.092773,2.9561,-0.06543,-0.71201,7
453,14,0,2.9766,-0.25293,-0.71201,9
453,14,0.094727,3.0146,0.05957,-0.71201,9
453,14,0.19043,3.0391,0.068359,-0.71201,7
453,14,0,2.9287,0,-0.356,6
453,14,0.092773,2.9561,0.078125,-0.356,12
453,14,0.09375,2.9863,-0.018555,-0.356,16
453,14,0.094727,3.0156,0.022461,-0.356,16
453,14,0.094727,3.043,0.11133,-0.356,12
453,14,0.19238,3.0693,-0.011719,-0.356,8
454,14,0.28809,3.0615,-0.030273,0,9
454,14,0.19434,3.0967,-0.095703,0,9
454,14,0.097656,3.1309,-0.10156,0,6
454,14,0.19238,3.0586,-0.25195,-0.71201,8
454,14,0.09668,3.0791,-0.38672,-0.71201,8
454,14,0,3.1074,-0.4043,-0.71201,6
454,14,0.098633,3.1504,-0.26953,-0.71201,4
454,14,0,2.9219,-0.2041,-0.356,6
454,14,0,2.9512,-0.20605,-0.356,6
454,14,0.38086,3.0225,-0.020508,-0.356,13
454,14,0.28809,3.0596,-0.11719,-0.356,19
454,14,0.29102,3.0869,-0.15723,-0.356,19
454,14,0.19629,3.127,-0.070313,-0.356,13
454,14,0.19727,3.1563,0.071289,-0.356,7
455,13,0,2.8633,0.2002,0,6
455,13,0,2.8906,0.22656,0,8
455,13,0,2.9268,0.11621,0,8
455,13,0.092773,2.9385,0.33203,0,6
455,13,0,2.8652,-0.16895,-0.71201,8
455,13,0.09082,2.8984,0.015625,-0.71201,12
455,13,0.091797,2.9277,-0.017578,-0.71201,11
455,13,0,2.9551,-0.13379,-0.71201,7
455,13,0,2.834,0.19727,-0.356,6
455,13,0,2.8701,0.024414,-0.356,12
455,13,0.09082,2.8975,0.073242,-0.356,17
455,13,0.091797,2.9277,-0.00097656,-0.356,16
455,13,0.092773,2.957,-0.017578,-0.356,11
456,11,0,2.7969,0.28809,0,4
456,11,0,2.8408,0,0,6
456,11,0,2.8701,0,0,8
456,11,0.09082,2.8975,0.049805,0,7
456,11,0,2.8379,-0.1416,-0.71201,6
456,11,0,2.8701,0,-0.71201,7
456,11,0.09082,2.8877,-0.24707,-0.71201,6
456,11,0.17578,2.8057,0.063477,-0.356,8
456,11,0.088867,2.8398,0.02832,-0.356,12
456,11,0,2.8701,0,-0.356,14
456,11,0.09082,2.8955,-0.13184,-0.356,12
458,2,0.087891,2.7998,-0.23926,-0.356,6
458,2,0.088867,2.834,0.17773,-0.356,6
496,4,0.094727,3.0264,-0.33398,-0.356,6
496,4,0.095703,3.0625,-0.26172,-0.356,8
496,4,0.19434,3.0938,-0.17969,-0.356,9
496,4,0.097656,3.1211,-0.2666,-0.356,7
497,1,0.095703,3.0557,-0.33691,-0.356,6
498,5,0.092773,2.9512,0.18457,0,5
498,5,0.18262,2.9209,0.10645,-0.356,8
498,5,0.092773,2.9561,0.067383,-0.356,9
498,5,0.18652,2.9814,0.016602,-0.356,9
498,5,0.18848,3.0107,0.047852,-0.356,8
499,9,0.094727,3.0186,-0.39648,0,5
499,9,0.089844,2.8682,0.078125,-0.356,7
499,9,0,2.8994,0,-0.356,9
499,9,0,2.9248,-0.14648,-0.356,9
499,9,0.092773,2.957,0.012695,-0.356,8
499,9,0.09375,2.9805,-0.18164,-0.356,7
499,9,0.2832,2.9941,-0.23438,-0.356,11
499,9,0.28516,3.0205,-0.27051,-0.356,12
499,9,0.28809,3.0459,-0.31348,-0.356,9
551,4,0,3.0166,-0.056641,-0.356,6
551,4,0.094727,3.0391,0.19043,-0.356,7
551,4,0,3.1689,-0.38672,-0.356,5
551,4,0,3.165,-0.60254,-0.356,4
552,4,0,2.9873,0,0,5
552,4,0.09375,2.9863,-0.029297,-0.356,9
552,4,0.094727,3.0137,0.087891,-0.356,9
552,4,0.094727,3.0449,0.015625,-0.356,7
553,3,0.28516,3.0264,-0.19043,-0.356,7
553,3,0.28809,3.0615,-0.064453,-0.356,11
553,3,0.29102,3.085,-0.19434,-0.356,11
554,8,0,2.8994,-0.054688,-0.356,6
554,8,0.091797,2.9248,-0.11719,-0.356,8
554,8,0.092773,2.957,-0.032227,-0.356,8
554,8,0,2.9844,-0.13477,-0.356,7
554,8,0.094727,3.0156,-0.00097656,-0.356,8
554,8,0.19043,3.0303,-0.24316,-0.356,12
554,8,0.28809,3.0459,-0.31348,-0.356,12
554,8,0.19434,3.0625,-0.47363,-0.356,9
555,2,0.38086,3.0029,-0.3418,-0.356,7
555,2,0.28809,3.0615,0.047852,-0.356,6
609,4,0,3.0137,-0.13672,0,5
609,4,0.18652,2.9814,-0.02832,-0.356,7
609,4,0.18848,3.0107,0.011719,-0.356,10
609,4,0.19043,3.0371,0.14355,-0.356,9
610,1,0,3.0166,-0.056641,-0.356,6
611,9,0,2.9229,0.18359,0,5
611,9,0,2.9551,0.13379,0,7
611,9,0.09375,2.9805,0.18652,0,7
611,9,0,3.0137,0.13672,0,5
611,9,0,2.9873,-0.055664,-0.71201,6
611,9,0.091797,2.9268,-0.044922,-0.356,9
611,9,0.092773,2.957,0.015625,-0.356,13
611,9,0.09375,2.9863,0.029297,-0.356,13
611,9,0.094727,3.0127,0.11523,-0.356,9
612,3,0.28809,3.0615,-0.053711,-0.356,9
612,3,0.29102,3.0898,-0.091797,-0.356,9
612,3,0.19629,3.1123,-0.31543,-0.356,7
613,5,0,2.8965,0.13086,0,5
613,5,0.091797,2.9219,0.18262,0,5
613,5,0,2.8682,-0.11328,-0.356,7
613,5,0.18164,2.8936,-0.021484,-0.356,10
613,5,0,2.9287,0.03125,-0.356,8
614,2,0,2.8682,-0.11328,-0.356,6
614,2,0,2.8955,-0.15234,-0.356,6
615,1,0.2832,2.9971,-0.18848,-0.356,7
658,1,0,3.0703,-0.17578,-0.356,5
660,5,0.19043,3.0166,-0.38086,-0.356,5
660,5,0.095703,3.0557,-0.33691,-0.356,6
660,5,0.09668,3.0713,-0.44141,-0.356,5
660,5,-0.76172,0,-3.0459,-0.356,3
660,5,-0.96973,0,-3.0342,-0.356,3
661,6,0,2.9268,0.11621,0,4
661,6,0.092773,2.957,-0.021484,0,5
661,6,0,2.9873,0,0,4
661,6,0.091797,2.9268,0.037109,-0.356,7
661,6,0.092773,2.9561,-0.056641,-0.356,9
661,6,0.18652,2.9814,0.032227,-0.356,9
662,11,0,2.8936,0.18262,0,4
662,11,0,2.9238,-0.16797,0,5
662,11,0,2.9551,0.13379,0,5
662,11,0.09375,2.9805,0.18652,0,5
662,11,0,2.8984,0.063477,-0.356,8
662,11,0.091797,2.9248,-0.13281,-0.356,11
662,11,0.092773,2.9561,-0.045898,-0.356,11
662,11,0.09375,2.9863,-0.027344,-0.356,10
662,11,0.18848,3.0078,-0.14551,-0.356,10
662,11,0.28516,3.0322,-0.069336,-0.356,11
662,11,0.19238,3.0684,-0.069336,-0.356,10
663,9,0,2.8955,0.15234,0,6
663,9,0,2.9287,0,0,7
663,9,0,2.958,0,0,5
663,9,0.09082,2.8936,-0.16992,-0.71201,6
663,9,0.091797,2.9229,-0.17188,-0.71201,6
663,9,0,2.8701,0,-0.356,9
663,9,0,2.8984,-0.076172,-0.356,13
663,9,0.091797,2.9268,0.037109,-0.356,13
663,9,0,2.9561,-0.10449,-0.356,9
664,6,0,2.8662,0.15137,0,6
664,6,0,2.8994,0,0,5
664,6,0,2.8379,0.12793,-0.356,7
664,6,0,2.8701,0,-0.356,11
664,6,0,2.8984,-0.083984,-0.356,11
664,6,0,2.9268,-0.10352,-0.356,9
665,3,0,2.8408,-0.052734,-0.356,6
665,3,0.17969,2.8643,0.064453,-0.356,7
665,3,0,2.8994,0,-0.356,5
709,3,0.095703,3.0732,-0.047852,-0.356,6
709,3,0,3.1045,0,-0.356,7
709,3,0,3.1338,0,-0.356,6
710,9,0.099609,3.1738,-0.32813,0,4
710,9,0,3.1777,-0.53223,0,4
710,9,0,3.1533,-0.66016,-0.71201,5
710,9,0,3.2021,-0.55957,-0.71201,4
710,9,0,3.1572,-0.4707,-0.356,6
710,9,0,3.167,-0.59277,-0.356,8
710,9,0,3.2178,-0.46191,-0.356,7
710,9,0,3.2803,0,-0.356,4
710,9,-0.099609,3.0898,-0.79688,0,4
711,2,0.091797,2.8975,-0.41699,0.356,5
711,2,0.18457,2.9287,-0.37012,0.356,6
712,3,0,2.9863,-0.079102,0.356,8
712,3,0.18848,3.0098,0.068359,0.356,7
712,3,0.098633,3.1611,0.054688,-0.356,6
713,8,0,3.0059,-0.25586,0,5
713,8,0,3.04,0.19141,0,5
713,8,0,2.9863,0.073242,-0.356,6
713,8,0.094727,3.0137,-0.09668,-0.356,10
713,8,0.094727,3.0391,-0.17871,-0.356,11
713,8,0.095703,3.0654,-0.22168,-0.356,9
713,8,0.098633,3.1504,-0.26953,-0.356,5
713,8,-0.79102,0,-3.1631,-0.356,3
714,8,0.092773,2.957,0.015625,0,5
714,8,0.09375,2.9756,-0.25391,0,6
714,8,0,3.0166,0,0,5
714,8,0.092773,2.9561,0.037109,-0.356,9
714,8,0.18652,2.9805,-0.092773,-0.356,12
714,8,0.18848,3.0068,-0.14844,-0.356,11
714,8,0.19434,3.0684,-0.43359,-0.356,9
714,8,0.097656,3.0967,-0.47363,-0.356,9
715,12,0.28809,3.0557,-0.19238,0,7
715,12,0.29102,3.0898,-0.084961,0,7
715,12,0.097656,3.1328,-0.00097656,0,5
715,12,0.3877,3.0703,-0.24219,-0.71201,6
715,12,0.091797,2.9268,0.050781,-0.356,7
715,12,0.18457,2.9521,-0.018555,-0.356,8
715,12,0,2.9844,-0.13477,-0.356,5
715,12,0.19043,3.0088,-0.43457,-0.356,8
715,12,0.19238,3.0615,-0.21973,-0.356,13
715,12,0.29102,3.083,-0.2168,-0.356,15
715,12,0.19629,3.1123,-0.31055,-0.356,11
715,12,0.29688,3.1182,-0.44434,-0.356,6
716,7,0.19238,3.0693,0.011719,0,6
716,7,0.09668,3.0918,-0.26367,0,5
716,7,0,2.9238,0.16797,-0.356,5
716,7,0.28516,3.0322,-0.072266,-0.356,10
716,7,0.19238,3.0674,-0.11914,-0.356,12
716,7,0.19434,3.0928,-0.19336,-0.356,11
716,7,0.29395,3.1143,-0.19629,-0.356,7
717,7,0,2.8984,-0.073242,-0.356,6
717,7,0.091797,2.9248,0.12793,-0.356,6
717,7,0.18848,3.0049,-0.1875,-0.356,9
717,7,0.094727,3.0283,-0.31738,-0.356,11
717,7,0.19238,3.0576,-0.2627,-0.356,11
717,7,0,3.082,-0.37598,-0.356,8
717,7,0.097656,3.1133,-0.34277,-0.356,6
761,4,0.094727,3.0156,-0.00097656,-0.356,6
761,4,0.094727,3.041,-0.14258,-0.356,7
761,4,0.19238,3.0537,-0.30566,-0.356,8
761,4,0.09668,3.0869,-0.31934,-0.356,7
762,7,0.19238,3.0576,-0.2627,0,5
762,7,0.19434,3.0977,-0.070313,0,5
762,7,0.18848,3.001,-0.24121,-0.356,7
762,7,0.28516,3.0225,-0.24707,-0.356,11
762,7,0.19238,3.0537,-0.30664,-0.356,13
762,7,0.29102,3.0732,-0.32813,-0.356,12
762,7,0.19629,3.1221,-0.19531,-0.356,8
763,4,0.18848,3.0098,-0.068359,-0.356,7
763,4,0.19043,3.04,-0.051758,-0.356,10
763,4,0.28809,3.0615,-0.05957,-0.356,11
763,4,0.09668,3.0947,-0.23047,-0.356,7
764,1,0.19238,3.0645,-0.17773,-0.356,7
768,1,0.094727,3.0146,-0.067383,-0.356,5
815,4,0.28809,3.0498,-0.26758,-0.356,7
815,4,0.29102,3.0781,-0.2832,-0.356,8
815,4,0.19629,3.1221,-0.19531,-0.356,7
815,4,0.19727,3.1318,-0.39551,-0.356,5
816,4,0.19238,3.0537,-0.30664,-0.356,9
816,4,0.19434,3.0918,-0.20996,-0.356,10
816,4,0.19629,3.1035,-0.3916,-0.356,8
816,4,0.29688,3.1309,-0.34082,-0.356,5
817,4,0.19043,3.0088,-0.4375,-0.356,8
817,4,0.28809,3.0557,-0.19238,-0.356,10
817,4,0.29102,3.085,-0.19434,-0.356,9
817,4,0.097656,3.1211,-0.2666,-0.356,5
863,1,0.095703,3.0713,0.13477,-0.356,6
865,7,0,3.1016,-0.14063,0,4
865,7,0,3.126,-0.21777,0,4
865,7,0.19238,3.0537,-0.3125,-0.356,8
865,7,0.29102,3.0684,-0.37012,-0.356,11
865,7,0.19629,3.123,-0.16504,-0.356,10
865,7,0.19727,3.1426,-0.30371,-0.356,8
865,7,0,3.1572,-0.4707,-0.356,5
867,6,0.095703,3.0625,-0.26172,0,5
867,6,0,3.1045,0,0,4
867,6,0.28516,3.0088,-0.38184,-0.356,8
867,6,0.19238,3.0586,-0.25684,-0.356,11
867,6,0.29102,3.0908,-0.045898,-0.356,11
867,6,0.19629,3.125,-0.12598,-0.356,7
870,1,0,2.9258,-0.13184,-0.356,5
921,3,0.09082,2.8955,-0.11621,-0.356,6
921,3,0.18262,2.9219,0.077148,-0.356,8
921,3,0.092773,2.9561,0.037109,-0.356,7
922,6,0,2.8994,0,0,4
922,6,0,2.9268,0.11621,0,4
922,6,0,2.8701,0,-0.356,7
922,6,0.09082,2.8984,-0.026367,-0.356,10
922,6,0.091797,2.9268,0.050781,-0.356,9
922,6,0,2.958,-0.044922,-0.356,6
923,2,0,2.8633,-0.2002,-0.356,7
923,2,0.09082,2.8965,-0.084961,-0.356,8
967,1,0.19434,3.0918,-0.20996,-0.356,5
969,6,0,3.0625,-0.79102,0,4
969,6,0,3.1572,-0.4707,0,5
969,6,0.097656,3.125,-0.20801,-0.356,8
969,6,0,3.1533,-0.24707,-0.356,9
969,6,0,3.1758,-0.32715,-0.356,8
969,6,0,3.1865,-0.47559,-0.356,5
970,4,0,2.9844,0.13477,0,5
970,4,0.092773,2.9561,0.081055,-0.356,7
970,4,0.18652,2.9795,0.10645,-0.356,10
970,4,0.094727,2.9961,0.3418,-0.356,8
971,3,0.38086,3.0059,-0.31152,-0.356,6
971,3,0.19238,3.0508,-0.33789,-0.356,7
971,3,0.19434,3.0742,-0.3877,-0.356,7
972,2,0.18457,2.9482,0.16406,-0.356,6
972,2,0.19238,3.0693,0.011719,-0.356,6
974,6,0.094727,3.0449,-0.00097656,0.356,5
974,6,0.18652,2.9805,0.067383,-0.356,6
974,6,0.18848,3.0029,-0.21875,-0.356,9
974,6,0.28516,3.0244,-0.21875,-0.356,10
974,6,0.28809,3.0586,-0.14551,-0.356,8
974,6,0.19434,3.0889,-0.24805,-0.356,5
1012,3,0.098633,3.1299,-0.4502,-0.356,5
1012,3,0.099609,3.1455,-0.53906,-0.356,5
1012,3,0.10059,3.1475,-0.68262,-0.356,4
1013,14,0,3.1289,-0.4668,0,4
1013,14,0,3.1807,-0.27051,0,5
1013,14,0,3.1865,-0.47559,0,4
1013,14,0,3.0625,-0.79102,-0.71201,4
1013,14,0,3.0908,-0.79785,-0.71201,4
1013,14,0,3.1865,-0.47559,-0.71201,3
1013,14,0.19043,3.04,-0.011719,-0.356,5
1013,14,0.095703,3.0713,-0.12305,-0.356,5
1013,14,0.097656,3.1035,-0.42285,-0.356,6
1013,14,0,3.1191,-0.52637,-0.356,8
1013,14,0,3.1631,-0.43164,-0.356,9
1013,14,0,3.2051,-0.33008,-0.356,7
1013,14,0.10156,3.2471,-0.12988,-0.356,4
1013,14,-1.3086,1.3467,-2.6182,-0.71201,2
1014,6,0.18848,2.9951,0.30371,-0.356,6
1014,6,0,3.0459,0,-0.356,7
1014,6,0.095703,3.0479,-0.39551,-0.356,7
1014,6,0,3.0439,-0.61328,-0.356,6
1014,6,0.19629,3.1035,-0.3916,-0.356,6
1014,6,0.29688,3.1328,-0.32324,-0.356,5
1015,2,0,2.9873,0,-0.356,7
1015,2,0.094727,3.0146,0.052734,-0.356,7
1016,6,0.092773,2.9551,0.10352,0,7
1016,6,0,2.9873,0.044922,0,6
1016,6,0,2.9268,-0.11621,-0.356,8
1016,6,0,2.9561,-0.098633,-0.356,12
1016,6,0.09375,2.9854,-0.037109,-0.356,12
1016,6,0.094727,3.0127,0.12207,-0.356,8
1017,11,0.094727,3.0039,-0.25684,0,4
1017,11,0.19043,3.0303,-0.24316,0,7
1017,11,0.28809,3.0615,-0.041016,0,8
1017,11,0.19434,3.0977,-0.070313,0,6
1017,11,0,3.0752,0,0.356,4
1017,11,0.28516,3.0176,-0.29785,-0.71201,6
1017,11,0.28809,3.0557,-0.19238,-0.71201,7
1017,11,0.2832,3.001,-0.11523,-0.356,9
1017,11,0.19043,3.0342,-0.18945,-0.356,16
1017,11,0.28809,3.0537,-0.21777,-0.356,18
1017,11,0.19434,3.0967,-0.10254,-0.356,13
1018,8,0,2.8945,0.16602,0,5
1018,8,0,2.9287,0,0,5
1018,8,0,2.8701,0,-0.356,6
1018,8,0,2.8994,-0.021484,-0.356,9
1018,8,0,2.9287,0,-0.356,9
1018,8,0.092773,2.9561,0.071289,-0.356,8
1018,8,0.18848,3.0107,-0.038086,-0.356,7
1018,8,0.28516,2.9805,-0.55957,-0.356,8
1057,6,0.092773,2.957,0.015625,0,5
1057,6,0,2.9805,0.19727,0,6
1057,6,0,3.001,0.30859,0,5
1057,6,0.092773,2.957,-0.00097656,-0.356,8
1057,6,0.09375,2.9854,0.056641,-0.356,10
1057,6,0,3.001,0.30859,-0.356,8
1058,9,0.091797,2.9258,0.11133,0,5
1058,9,0,2.958,0.055664,0,6
1058,9,0.09375,2.9863,-0.00097656,0,6
1058,9,0.094727,3.0156,-0.00097656,0,5
1058,9,0.091797,2.9248,-0.13281,-0.356,8
1058,9,0.092773,2.957,-0.027344,-0.356,12
1058,9,0.09375,2.9854,-0.066406,-0.356,12
1058,9,0,3.0156,-0.083008,-0.356,9
1058,9,0.094727,3.042,-0.12207,-0.356,7
1059,13,0,2.8994,0,0,4
1059,13,0.091797,2.9268,-0.044922,0,6
1059,13,0,2.9512,0.20605,0,6
1059,13,0,2.9785,0.2334,0,4
1059,13,0.28809,3.0596,0.12305,0,5
1059,13,0,2.8975,-0.11523,-0.356,8
1059,13,0.091797,2.9258,-0.09082,-0.356,11
1059,13,0.092773,2.957,-0.032227,-0.356,11
1059,13,0.28027,2.9736,0.066406,-0.356,8
1059,13,0.18848,3.0049,-0.1875,-0.356,6
1059,13,0.38086,3.0215,0.036133,-0.356,9
1059,13,0.28809,3.0605,-0.097656,-0.356,10
1059,13,0.29102,3.0908,0.010742,-0.356,8
1060,2,0.09082,2.8975,0.037109,-0.356,6
1060,2,0.091797,2.9277,0.029297,-0.356,6
1061,2,0.2832,3.001,-0.11523,-0.356,6
1061,2,0.19043,3.0391,-0.068359,-0.356,6
1062,2,0.094727,2.9756,-0.48535,-0.356,6
1062,2,0.28516,3.0303,-0.11621,-0.356,6
1104,4,0.094727,2.9912,0.37793,-0.356,6
1104,4,0,3.0459,0,-0.356,8
1104,4,0,3.0732,-0.11816,-0.356,9
1104,4,0.09668,3.1025,0.053711,-0.356,8
1105,7,0.095703,3.0732,0.053711,0,5
1105,7,0,3.1045,0,0,4
1105,7,0,3.0459,0,-0.356,7
1105,7,0.28809,3.0615,-0.053711,-0.356,10
1105,7,0.09668,3.1025,-0.02832,-0.356,10
1105,7,0.19629,3.1221,-0.18164,-0.356,9
1105,7,0.29688,3.1484,-0.085938,-0.356,7
1106,5,0.092773,2.9561,-0.045898,0.356,6
1106,5,0,3.0127,-0.15039,-0.356,6
1106,5,0.19043,3.0391,-0.068359,-0.356,7
1106,5,0,3.0693,0.19336,-0.356,6
1106,5,0.09668,3.1025,0.03125,-0.356,6
1107,6,0.19238,3.0684,0.069336,0,4
1107,6,0.19434,3.0977,-0.070313,0,5
1107,6,0.094727,3.0439,0.030273,-0.356,6
1107,6,0.19238,3.0586,-0.25684,-0.356,11
1107,6,0.19434,3.0879,-0.25391,-0.356,12
1107,6,0.097656,3.1133,-0.34277,-0.356,8
1108,8,0,2.9229,0.18359,0,5
1108,8,0,2.9541,0.14746,0,6
1108,8,0.09375,2.9766,0.23242,0,6
1108,8,0,2.8955,0.15234,-0.356,6
1108,8,0,2.9287,0,-0.356,10
1108,8,0.092773,2.957,0.017578,-0.356,13
1108,8,0,2.9854,-0.11816,-0.356,10
1108,8,0.094727,3.0098,0.18848,-0.356,6
1109,1,0,2.9268,-0.10352,-0.356,7
1110,7,0.09082,2.8945,0.1416,-0.356,7
1110,7,0.18262,2.9121,0.25,-0.356,8
1110,7,0.092773,2.9541,-0.11816,-0.356,7
1110,7,0.094727,3.002,-0.2793,-0.356,7
1110,7,0.19043,3.0049,-0.45801,-0.356,9
1110,7,0.28809,3.0547,-0.21289,-0.356,9
1110,7,0.09668,3.0977,-0.18164,-0.356,6
1111,7,0.094727,3.0332,-0.25879,0.356,5
1111,7,0,2.8994,0,-0.356,6
1111,7,0.091797,2.9238,-0.14648,-0.356,7
1111,7,0,2.9531,-0.16895,-0.356,5
1111,7,0.18848,3.0059,-0.17773,-0.356,8
1111,7,0.19043,3.0264,-0.29297,-0.356,11
1111,7,0.095703,3.0625,-0.26172,-0.356,10
1155,4,0,3.0664,-0.24023,-0.356,5
1155,4,0.10059,3.2178,-0.12891,-0.356,4
1155,4,0,3.2344,-0.33301,-0.356,3
1155,4,-1.1172,0.17578,-3.0479,-0.356,2
1156,3,0.094727,3.0391,0.19043,-0.356,5
1156,3,0,3.0664,0.24023,-0.356,5
1156,3,-1.0576,1.9668,-2.1143,-0.356,3
1157,5,0,2.9551,-0.13379,0,5
1157,5,0.091797,2.9229,-0.17188,0.356,8
1157,5,0,2.958,-0.052734,0.356,11
1157,5,0.18652,2.9814,0.014648,0.356,12
1157,5,0.094727,3.0146,-0.046875,0.356,9
1158,3,0,3.0146,-0.11914,-0.356,7
1158,3,0.19043,3.0391,-0.094727,-0.356,8
1158,3,0,3.0674,0.21387,-0.356,6
1159,5,0.19238,3.0684,-0.069336,0,5
1159,5,0.094727,2.9922,-0.37598,-0.356,8
1159,5,0.19043,3.0264,-0.28418,-0.356,10
1159,5,0.095703,3.0654,-0.22363,-0.356,9
1159,5,0.09668,3.0996,-0.1416,-0.356,8
1160,8,0.28809,3.0498,-0.26758,0,6
1160,8,0.09668,3.1025,0.071289,0,6
1160,8,0.097656,3.1211,-0.2666,0,4
1160,8,0,2.957,-0.072266,-0.356,7
1160,8,0.28516,3.0205,-0.26855,-0.356,7
1160,8,0.28809,3.0605,-0.074219,-0.356,12
1160,8,0.29102,3.0811,-0.24805,-0.356,13
1160,8,0.19629,3.1211,-0.21094,-0.356,9
1161,1,0.28516,3.0225,-0.24414,-0.356,8
1162,8,0,2.8662,-0.15137,0,6
1162,8,0.09082,2.8965,0.10156,0,7
1162,8,0.18262,2.9121,0.25,0,6
1162,8,0,2.8408,0,-0.356,8
1162,8,0.089844,2.8672,-0.083984,-0.356,13
1162,8,0.09082,2.8965,-0.1084,-0.356,15
1162,8,0.18262,2.9229,0.016602,-0.356,13
1162,8,0.18457,2.9521,0.0058594,-0.356,8
1168,10,0,2.8701,-0.043945,0,6
1168,10,0,2.8975,-0.11523,0,7
1168,10,0.18262,2.9229,0.011719,0,6
1168,10,0.088867,2.8398,-0.00097656,0.356,8
1168,10,0.089844,2.8672,0.09082,0.356,14
1168,10,0.09082,2.8955,0.12598,0.356,17
1168,10,0.091797,2.9277,-0.020508,0.356,13
1168,10,0,2.8555,0.29395,0.71201,4
1168,10,0,2.8965,0.13086,0.71201,5
1168,10,0,2.9199,0.22852,0.71201,5
1169,11,0,2.8994,-0.054688,0,6
1169,11,0,2.9287,0.043945,0,6
1169,11,0.094727,3.0205,-0.37988,0,4
1169,11,0.095703,3.0625,-0.26172,0,4
1169,11,0,2.8682,0.12305,0.356,9
1169,11,0,2.8994,0,0.356,13
1169,11,0,2.9287,-0.033203,0.356,13
1169,11,0,2.9521,0.18555,0.356,8
1169,11,0.19043,3.0381,-0.11133,0.356,10
1169,11,0.19238,3.0684,-0.069336,0.356,10
1169,11,0,3.1045,-0.057617,0.356,6
1205,2,0.18848,3.0098,-0.068359,-0.356,5
1205,2,0,3.0439,0.12012,-0.356,5
1206,5,0.094727,3.0156,-0.00097656,0,5
1206,5,0,3.0127,0.44922,0,4
1206,5,0,3.001,0.30859,-0.356,7
1206,5,0.19043,3.0381,0.12305,-0.356,8
1206,5,0.095703,3.0703,0.14551,-0.356,6
1207,9,0,2.9531,0.16895,0,5
1207,9,0,2.9863,-0.079102,0,5
1207,9,0,2.9814,0.1875,-0.71201,5
1207,9,0,2.958,0.030273,-0.356,9
1207,9,0,2.9863,0.089844,-0.356,10
1207,9,0,3.0156,-0.073242,-0.356,9
1207,9,0.19238,3.0537,-0.30664,-0.356,9
1207,9,0.19434,3.0889,-0.24805,-0.356,11
1207,9,0.29395,3.0928,-0.41406,-0.356,9
1208,15,0.09082,2.8975,-0.044922,0,6
1208,15,0.091797,2.9277,0.015625,0,9
1208,15,0.092773,2.9512,0.18457,0,9
1208,15,0,2.9863,0.082031,0,6
1208,15,0,2.9287,0,-0.71201,7
1208,15,0.18457,2.9521,-0.049805,-0.71201,8
1208,15,0.09082,2.8965,0.10254,-0.356,10
1208,15,0.091797,2.9268,-0.057617,-0.356,16
1208,15,0.092773,2.957,0.017578,-0.356,17
1208,15,0,2.9863,0.097656,-0.356,13
1208,15,0,3.0166,0.048828,-0.356,8
1208,15,0.095703,3.0742,0.010742,-0.356,7
1208,15,0.09668,3.1006,-0.12402,-0.356,7
1208,15,0.097656,3.1299,-0.125,-0.356,6
1208,15,0,3.1553,-0.21973,-0.356,4
1209,9,0.18164,2.8936,-0.06543,0,6
1209,9,0,2.9277,0.074219,0,7
1209,9,0.092773,2.9482,0.22949,0,6
1209,9,0,2.8672,-0.14355,-0.356,6
1209,9,0,2.8984,-0.083984,-0.356,11
1209,9,0.18262,2.9199,-0.13477,-0.356,14
1209,9,0.18457,2.9512,0.066406,-0.356,12
1209,9,0,2.9805,-0.20801,-0.356,6
1209,9,0.28809,3.0557,-0.19238,-0.356,7
1210,2,0.09082,2.8955,-0.11621,-0.356,6
1210,2,0,2.9258,0.13184,-0.356,6
1215,2,0.2832,3.0029,0.021484,0.356,6
1215,2,0.094727,3.0264,-0.33398,0.356,6
1255,2,0.29102,3.0791,-0.26953,-0.356,6
1255,2,0.097656,3.1084,-0.39063,-0.356,5
1256,3,0.28809,2.9932,-0.64648,-0.356,6
1256,3,0.19434,3.0918,-0.20508,-0.356,7
1256,3,-0.96973,0.31152,2.9326,-0.356,4
1257,2,0.092773,2.9561,-0.045898,-0.356,6
1257,2,0.09375,2.9854,0.068359,-0.356,7
1258,11,0.19043,2.9951,-0.51855,0,5
1258,11,0.095703,3.0322,-0.50195,0,5
1258,11,0.09668,3.1035,-0.00097656,0,5
1258,11,0.19043,3.0088,-0.4375,0.356,6
1258,11,0.095703,3.0498,-0.38379,0.356,7
1258,11,0.19434,3.083,-0.30566,0.356,6
1258,11,0.18848,2.9893,-0.35645,-0.356,9
1258,11,0.38086,3.0117,-0.24902,-0.356,14
1258,11,0.19238,3.0537,-0.30957,-0.356,16
1258,11,0.19434,3.0859,-0.27441,-0.356,14
1258,11,0.097656,3.1279,-0.17285,-0.356,9
1259,9,0,2.8936,0.18262,0,5
1259,9,0.091797,2.9219,0.18262,0,6
1259,9,0.092773,2.957,0.015625,0,5
1259,9,0.091797,2.9219,0.18262,-0.71201,5
1259,9,0.089844,2.8633,0.17969,-0.356,7
1259,9,0.09082,2.8975,-0.044922,-0.356,12
1259,9,0.091797,2.9268,0.074219,-0.356,14
1259,9,0.092773,2.9561,-0.06543,-0.356,11
1259,9,0,2.9873,-0.055664,-0.356,6
1305,13,0,3.1074,-0.5918,0,4
1305,13,0,3.1572,-0.4707,0,5
1305,13,0,3.165,-0.60254,0,4
1305,13,0.19727,3.1084,-0.55273,-0.71201,6
1305,13,0.099609,3.1563,-0.47266,-0.71201,7
1305,13,0,3.1689,-0.58105,-0.71201,6
1305,13,0,3.0127,-0.1582,-0.356,6
1305,13,0,3.0391,-0.21191,-0.356,7
1305,13,0,3.0693,-0.19336,-0.356,6
1305,13,0.098633,3.1143,-0.54492,-0.356,8
1305,13,0,3.1602,-0.45313,-0.356,10
1305,13,0.10059,3.2061,-0.29785,-0.356,9
1305,13,0.10156,3.2266,-0.38281,-0.356,6
1306,2,0.097656,3.0869,-0.53223,-0.356,7
1306,2,0,3.1074,-0.5918,-0.356,7
1307,3,0,2.9561,0.10449,-0.356,6
1307,3,0.09375,2.9863,0.012695,-0.356,8
1307,3,0,3.0146,-0.11914,-0.356,7
1308,12,0,2.9287,0,0,7
1308,12,0,2.957,0.082031,0,9
1308,12,0,2.9824,0.17578,0,8
1308,12,0,3.001,0.30859,0,5
1308,12,0,2.9287,0,-0.71201,6
1308,12,0.092773,2.9531,-0.1377,-0.71201,8
1308,12,0,2.9844,-0.13477,-0.71201,7
1308,12,0,2.8965,0.13086,-0.356,7
1308,12,0.091797,2.9268,0.037109,-0.356,14
1308,12,0.092773,2.957,0.0058594,-0.356,18
1308,12,0.09375,2.9834,0.11621,-0.356,16
1308,12,0,3.0117,0.17285,-0.356,9
1309,15,0.09082,2.8926,0.18164,0,6
1309,15,0.091797,2.9092,0.3291,0,7
1309,15,0,2.9541,0.14746,0,6
1309,15,0,2.9766,0.25293,0,5
1309,15,0.09082,2.8984,0.015625,-0.356,11
1309,15,0.18262,2.9229,0.025391,-0.356,15
1309,15,0.092773,2.957,0.010742,-0.356,14
1309,15,0.09375,2.9844,-0.10742,-0.356,11
1309,15,0.18848,3.0098,-0.068359,-0.356,9
1309,15,0.19043,3.0322,-0.21777,-0.356,9
1309,15,0.095703,3.0439,-0.42578,-0.356,8
1309,15,0.09668,3.0313,-0.66406,-0.356,5
1309,15,-0.95215,0.55566,2.8398,-0.356,5
1309,15,-0.96094,0,2.9307,-0.356,5
1309,15,-1.1641,0.71973,2.7871,-0.356,3
1349,2,0,3.0723,-0.13867,-0.356,5
1349,2,0,3.1016,0.14063,-0.356,5
1350,6,0,3.0439,-0.12012,0,4
1350,6,0,3.0752,0,0,4
1350,6,0,3.0137,-0.13672,-0.356,5
1350,6,0.094727,3.043,0.10254,-0.356,8
1350,6,0.19238,3.0654,0.16016,-0.356,9
1350,6,0.19434,3.0977,-0.070313,-0.356,7
1351,9,0,3.1904,-0.12598,0,4
1351,9,0.098633,3.0605,-0.79199,-0.71201,4
1351,9,0,3.1758,-0.32715,-0.71201,4
1351,9,0,3.1865,-0.47559,-0.71201,3
1351,9,0.097656,3.1299,-0.125,-0.356,6
1351,9,0.098633,3.1055,-0.59277,-0.356,7
1351,9,0.099609,3.1445,-0.54199,-0.356,8
1351,9,0,3.2119,-0.25098,-0.356,6
1351,9,-1.208,1.7559,2.416,-0.71201,2
1352,5,0,2.9717,0.30566,-0.356,4
1352,5,0.18848,3.0098,-0.068359,-0.356,7
1352,5,0.19043,3.04,0.022461,-0.356,8
1352,5,0.095703,3.0732,-0.047852,-0.356,7
1352,5,0,3.1045,0,-0.356,5
1353,4,0,2.9551,0.13379,-0.356,5
1353,4,0,2.9863,0.076172,-0.356,6
1353,4,0.094727,3.0146,0.069336,-0.356,7
1353,4,0.094727,3.042,-0.12207,-0.356,6
1354,17,0,2.9238,0.17285,0,7
1354,17,0,2.958,0.055664,0,8
1354,17,0,2.9629,0.38477,0,6
1354,17,0.095703,3.0713,-0.12305,0,7
1354,17,0.19434,3.0977,-0.070313,0,6
1354,17,0,2.9287,-0.054688,-0.71201,6
1354,17,0,2.9561,0.11719,-0.71201,7
1354,17,0,2.9863,-0.073242,-0.71201,6
1354,17,0.09082,2.8945,-0.13574,-0.356,8
1354,17,0.091797,2.9268,0.047852,-0.356,13
1354,17,0.092773,2.9561,0.054688,-0.356,15
1354,17,0,2.9873,0,-0.356,12
1354,17,0,3.0137,-0.13672,-0.356,8
1354,17,0.19043,3.0225,-0.33105,-0.356,12
1354,17,0.28809,3.0557,-0.19238,-0.356,16
1354,17,0.19434,3.0908,-0.2168,-0.356,14
1354,17,0.19629,3.127,-0.053711,-0.356,8
1355,15,0,2.8926,-0.20215,0,6
1355,15,0.091797,2.9268,0.080078,0,7
1355,15,0,2.9424,0.30273,0,5
1355,15,0.38086,3.0059,0.31152,0,6
1355,15,0.28809,3.042,-0.3457,0,7
1355,15,0.19434,3.0977,0.070313,0,5
1355,15,0.091797,2.9268,-0.044922,-0.71201,6
1355,15,0.089844,2.8652,-0.14355,-0.356,7
1355,15,0,2.8984,-0.077148,-0.356,11
1355,15,0,2.9287,0.012695,-0.356,12
1355,15,0.092773,2.9531,0.14258,-0.356,10
1355,15,0.38086,3.0137,-0.23145,-0.356,12
1355,15,0.28809,3.0547,-0.20996,-0.356,14
1355,15,0.29102,3.0811,-0.24512,-0.356,11
1355,15,0.19629,3.1221,-0.19531,-0.356,6
1356,8,0,2.8672,0.12988,0,5
1356,8,0.09082,2.8975,0.066406,0,7
1356,8,0.091797,2.9219,0.18262,0,5
1356,8,0,2.834,-0.19727,-0.356,7
1356,8,0,2.8701,-0.043945,-0.356,11
1356,8,0.09082,2.8984,0.019531,-0.356,13
1356,8,0.18262,2.918,0.18164,-0.356,10
1356,8,0.19238,3.0449,-0.38477,-0.356,7
1357,2,0.18848,3.0098,-0.068359,-0.356,8
1357,2,0.19043,3.0225,-0.32422,-0.356,8
1366,1,0.2832,3.0029,0.046875,0.356,6
1397,2,0,3.2051,-0.33008,-0.356,4
1397,2,0,3.2344,-0.33301,-0.356,3
1398,2,0.094727,2.998,0.3252,-0.356,7
1398,2,0,3.0391,0.21191,-0.356,6
1400,8,0,2.9287,0,0,5
1400,8,0.092773,2.9512,0.18457,0,6
1400,8,0.09375,2.9766,0.24219,0,6
1400,8,0.18457,2.9443,-0.21387,-0.71201,7
1400,8,0.091797,2.9277,-0.020508,-0.356,9
1400,8,0,2.958,-0.044922,-0.356,11
1400,8,0.09375,2.9854,0.070313,-0.356,10
1400,8,0.28809,3.0459,-0.31348,-0.356,9
1401,10,0.2832,2.9873,-0.30762,0,6
1401,10,0.28516,3.0303,-0.11914,0,8
1401,10,0.28809,3.0586,-0.13477,0,8
1401,10,0.09668,3.1025,-0.069336,0,5
1401,10,0.19043,2.9912,-0.54102,-0.71201,6
1401,10,0.19238,3.0449,-0.38477,-0.71201,6
1401,10,0.2832,2.9941,-0.2373,-0.356,11
1401,10,0.28516,3.0322,-0.069336,-0.356,16
1401,10,0.28809,3.0586,-0.13477,-0.356,15
1401,10,0.29102,3.0811,-0.24121,-0.356,10
1402,8,0,2.8926,0.20215,0,4
1402,8,0,2.8262,0.29102,-0.356,4
1402,8,0.089844,2.8691,0.02832,-0.356,6
1402,8,0,2.8994,0,-0.356,7
1402,8,0.091797,2.9268,-0.06543,-0.356,7
1402,8,0.18457,2.9463,0.18359,-0.356,6
1402,8,0.094727,2.9932,-0.36621,-0.356,8
1402,8,0.28516,3.0303,-0.11914,-0.356,9
1403,6,0,2.8262,0.29102,0,5
1403,6,0,2.8643,0.18945,0,5
1403,6,0,2.8047,-0.19531,-0.356,6
1403,6,0.088867,2.8389,0.048828,-0.356,10
1403,6,0.089844,2.8691,-0.010742,-0.356,11
1403,6,0.09082,2.8965,0.11035,-0.356,9
1405,1,0,2.832,-0.22168,-0.356,4
1444,2,0,3.0664,-0.24023,-0.356,6
1444,2,0.09668,3.1006,-0.12402,-0.356,6
1445,15,0.097656,3.1299,-0.125,0,5
1445,15,0,3.1465,-0.32422,0,5
1445,15,0,3.1895,-0.14453,0,5
1445,15,0,3.1777,-0.53223,0,4
1445,15,0.098633,3.1191,-0.51563,-0.71201,6
1445,15,0.099609,3.1035,-0.74316,-0.71201,6
1445,15,0,3.1777,-0.53223,-0.71201,4
1445,15,0.19238,3.0635,0.19141,-0.356,5
1445,15,0,3.1045,0,-0.356,6
1445,15,0.097656,3.1006,-0.44629,-0.356,9
1445,15,0.19727,3.1289,-0.42285,-0.356,12
1445,15,0.099609,3.1748,-0.32422,-0.356,11
1445,15,0,3.1777,-0.53223,-0.356,7
1445,15,0,3.2344,-0.33301,-0.356,3
1445,15,-1.1172,1.5303,2.6416,-0.356,2
1446,6,0.09375,2.9756,-0.25391,0,5
1446,6,0.094727,3.0098,0.18848,0,5
1446,6,0,2.9805,-0.20801,-0.356,6
1446,6,0.094727,3.0146,-0.029297,-0.356,9
1446,6,0.094727,3.043,-0.085938,-0.356,9
1446,6,0,3.0732,-0.12207,-0.356,7
1447,12,0,2.9268,-0.11621,0,5
1447,12,0.092773,2.9512,0.18457,0,8
1447,12,0,2.9785,0.2334,0,7
1447,12,0.094727,3.0098,0.18848,0,6
1447,12,0.092773,2.9561,-0.045898,-0.71201,8
1447,12,0,2.9854,0.11426,-0.71201,8
1447,12,0,3.0166,0,-0.71201,6
1447,12,0.091797,2.9268,-0.044922,-0.356,9
1447,12,0,2.957,0.072266,-0.356,13
1447,12,0,2.9873,-0.016602,-0.356,14
1447,12,0.094727,3.0137,0.089844,-0.356,11
1447,12,0.19043,3.0254,0.2998,-0.356,6
1448,19,0,2.8701,0,0,4
1448,19,0,2.8994,0.050781,0,8
1448,19,0.091797,2.9277,0.029297,0,12
1448,19,0,2.9561,0.11914,0,11
1448,19,0.09375,2.9824,0.15527,0,7
1448,19,0.28516,3.0264,-0.19043,0,6
1448,19,0.28809,3.0586,-0.14941,0,7
1448,19,0.09082,2.8975,0.057617,-0.71201,9
1448,19,0.091797,2.9268,-0.048828,-0.71201,12
1448,19,0.18457,2.9521,0.016602,-0.71201,12
1448,19,0,2.9873,0,-0.71201,7
1448,19,0.089844,2.8672,-0.10352,-0.356,8
1448,19,0.09082,2.8984,-0.027344,-0.356,16
1448,19,0.091797,2.9258,0.10547,-0.356,22
1448,19,0.092773,2.9561,0.051758,-0.356,21
1448,19,0.09375,2.9854,0.043945,-0.356,13
1448,19,0.28516,3.0146,-0.32813,-0.356,11
1448,19,0.28809,3.0518,-0.24414,-0.356,14
1448,19,0.29102,3.0811,-0.25195,-0.356,11
1449,2,0.19043,3.0273,-0.27344,-0.356,7
1449,2,0.19238,3.0537,-0.30957,-0.356,6
1450,9,0.089844,2.8633,0.17969,0,5
1450,9,0,2.8984,0.077148,0,5
1450,9,0,2.8408,0,-0.356,6
1450,9,0,2.8691,0.095703,-0.356,9
1450,9,0,2.8994,0.041992,-0.356,10
1450,9,0,2.9268,0.11621,-0.356,7
1450,9,0.2832,2.9619,-0.49707,-0.356,7
1450,9,0.28516,3.0146,-0.32813,-0.356,7
1450,9,-0.94238,1.8428,2.1943,-0.356,4
1482,1,0,3.2803,0,-0.356,3
1487,4,0,3.1289,-0.4668,0,4
1487,4,0.097656,3.043,-0.74414,-0.356,6
1487,4,0.098633,3.1162,-0.53418,-0.356,8
1487,4,0.099609,3.166,-0.39844,-0.356,7
1488,2,0,2.9863,-0.082031,-0.356,6
1488,2,0.094727,3.0049,0.24512,-0.356,6
1489,6,0.091797,2.9219,0.18262,0,5
1489,6,0,2.958,0,0,5
1489,6,0,2.9717,0.30566,0,4
1489,6,0.091797,2.9277,0.015625,-0.356,8
1489,6,0.092773,2.9551,0.092773,-0.356,10
1489,6,0,2.9844,0.13477,-0.356,7
1490,14,0,2.8994,0,0,5
1490,14,0,2.9199,0.22852,0,6
1490,14,0,2.958,0,0,5
1490,14,0,2.9717,0.30566,0,5
1490,14,0.2832,2.9971,-0.18848,0,7
1490,14,0.19043,3.04,-0.029297,0,7
1490,14,0.28809,3.0615,0.00097656,0,7
1490,14,0,2.8945,0.16895,-0.356,8
1490,14,0.091797,2.9248,0.12109,-0.356,11
1490,14,0.092773,2.9561,0.056641,-0.356,10
1490,14,0.09375,2.9863,-0.029297,-0.356,10
1490,14,0.18848,3.0059,-0.17871,-0.356,12
1490,14,0.19043,3.0371,-0.125,-0.356,14
1490,14,0.28809,3.0586,-0.14551,-0.356,12
1491,13,0.089844,2.8662,-0.11426,0,5
1491,13,0,2.8965,0.13086,0,5
1491,13,0,2.9268,0.11621,0,4
1491,13,0.18848,3.0098,-0.068359,0,7
1491,13,0.28516,3.0322,0.014648,0,7
1491,13,0,2.8408,-0.052734,-0.356,5
1491,13,0,2.8701,-0.050781,-0.356,9
1491,13,0.09082,2.8965,0.10254,-0.356,10
1491,13,0.091797,2.9238,0.14258,-0.356,7
1491,13,0.18652,2.9717,-0.24414,-0.356,8
1491,13,0.18848,3.0059,-0.16699,-0.356,13
1491,13,0.19043,3.0352,-0.16992,-0.356,13
1491,13,0.095703,3.0684,-0.1748,-0.356,9
1492,1,0.089844,2.8691,-0.0097656,-0.356,6
1526,4,0,3.251,0,0,3
1526,4,0,3.165,-0.60254,-0.356,4
1526,4,0,3.2061,-0.53711,-0.356,5
1526,4,0,3.2705,-0.25586,-0.356,4
1530,2,0.09375,2.9756,-0.25391,-0.356,6
1530,2,0,3.0166,0,-0.356,5
1531,3,0.28516,3.0322,-0.069336,-0.356,7
1531,3,0.28809,3.0615,0.014648,-0.356,7
1531,3,0,3.0967,-0.21582,-0.356,5
1532,5,0,2.8975,0.11523,0,4
1532,5,0,2.9287,0,0,4
1532,5,0,2.8994,0,-0.356,8
1532,5,0.091797,2.9268,0.080078,-0.356,9
1532,5,0,2.9551,-0.13379,-0.356,7
1572,10,0.094727,3.0098,0.18848,0,5
1572,10,0,3.0459,0,0,6
1572,10,0.095703,3.0732,0.053711,0,6
1572,10,0,3.1025,0.12305,0,4
1572,10,0.094727,3.0332,-0.25879,-0.71201,6
1572,10,0.095703,3.0732,-0.047852,-0.71201,6
1572,10,0.094727,3.0127,-0.12012,-0.356,9
1572,10,0.19043,3.0381,-0.12305,-0.356,14
1572,10,0.095703,3.0703,-0.1543,-0.356,14
1572,10,0,3.1016,-0.14063,-0.356,10
1573,12,0,2.9854,-0.10547,0,6
1573,12,0.094727,3.0156,-0.00097656,0,9
1573,12,0.19043,3.0371,0.14355,0,9
1573,12,0.095703,3.0713,-0.12305,0,7
1573,12,0,2.9863,-0.079102,-0.71201,6
1573,12,0,3.0166,-0.041992,-0.71201,8
1573,12,0,3.043,0.1377,-0.71201,7
1573,12,0,2.958,0,-0.356,7
1573,12,0,2.9863,-0.073242,-0.356,13
1573,12,0.18848,3.0107,-0.043945,-0.356,18
1573,12,0.094727,3.0439,-0.057617,-0.356,17
1573,12,0.095703,3.0654,-0.22168,-0.356,13
1574,9,0.092773,2.957,0.015625,0,5
1574,9,0,2.9854,0.11816,0,6
1574,9,0,3.0098,0.20996,0,4
1574,9,0,2.9873,0,-0.71201,5
1574,9,0,2.9219,0.2041,-0.356,4
1574,9,0,2.958,0,-0.356,8
1574,9,0.09375,2.9854,-0.045898,-0.356,10
1574,9,0,3.0127,-0.15332,-0.356,8
1574,9,0.094727,3.0391,0.19043,-0.356,5
1575,6,0.28516,3.0166,0.3125,0,5
1575,6,0.28809,3.0586,0.13965,0,7
1575,6,0.29102,3.0869,0.16406,0,7
1575,6,0.28516,3.0322,0.00097656,-0.356,8
1575,6,0.28809,3.0615,-0.053711,-0.356,10
1575,6,0.29102,3.0889,0.12402,-0.356,10
1576,6,0.28516,3.0293,-0.13379,0,6
1576,6,0.095703,3.043,-0.4375,0,5
1576,6,0.37695,2.9912,-0.10059,-0.356,9
1576,6,0.28516,3.0127,-0.34668,-0.356,12
1576,6,0.38477,3.0352,-0.31543,-0.356,12
1576,6,0.19434,3.0742,-0.3877,-0.356,7
1577,2,0.09082,2.8984,-0.020508,-0.356,7
1577,2,0,2.9287,-0.054688,-0.356,6
1584,3,0,2.8926,0.20215,0.356,6
1584,3,0,2.9287,0,0.356,7
1584,3,0,2.958,0,0.356,6
1585,7,0.18262,2.918,-0.18164,0,7
1585,7,0,2.958,-0.044922,0,6
1585,7,0,2.8994,0.021484,0.356,9
1585,7,0.091797,2.9258,0.092773,0.356,14
1585,7,0.092773,2.9541,0.12207,0.356,14
1585,7,0,2.9766,0.25293,0.356,9
1585,7,0,2.9551,-0.13379,0.71201,5
1586,12,0,2.9248,-0.14648,0,6
1586,12,0,2.958,0,0,7
1586,12,0.09375,2.9805,0.18652,0,7
1586,12,0,2.8955,-0.14453,0.356,6
1586,12,0.091797,2.9277,0.029297,0.356,12
1586,12,0.092773,2.957,0.032227,0.356,16
1586,12,0.09375,2.9844,0.10156,0.356,15
1586,12,0.094727,2.9912,0.37793,0.356,8
1586,12,0.19238,3.0596,-0.24512,0.356,7
1586,12,0.09668,3.1006,-0.12402,0.356,6
1586,12,0,2.958,0,0.71201,6
1586,12,0.09375,2.9834,0.13086,0.71201,6
1587,9,0,2.9854,-0.11816,0,5
1587,9,0,3.0098,-0.20996,0,4
1587,9,0.092773,2.9551,0.087891,0.356,8
1587,9,0.09375,2.9863,-0.00097656,0.356,10
1587,9,0.094727,3.0156,-0.00097656,0.356,10
1587,9,0.094727,3.041,-0.14258,0.356,9
1587,9,0.095703,3.0693,-0.16699,0.356,10
1587,9,0.19434,3.0859,-0.27832,0.356,10
1587,9,0.19629,3.1191,-0.22656,0.356,7
1624,12,0.61523,3.0283,-1.1006,0,5
1624,12,0.41699,3.3125,0.0625,0,6
1624,12,0.71777,2.8975,-1.3613,-0.71201,5
1624,12,0.62012,3.2051,-0.54492,-0.71201,3
1624,12,0.52148,3.2979,-0.00097656,-0.71201,5
1624,12,0.71094,2.9893,-1.0605,-0.356,10
1624,12,0.71777,2.9736,-1.1855,-0.356,10
1624,12,0.62012,3.1689,-0.72363,-0.356,6
1624,12,0.52148,3.2979,0.033203,-0.356,11
1624,12,-0.61523,2.4854,2.0498,0,3
1624,12,-0.41406,2.6094,1.9941,-0.71201,2
1624,12,-0.51758,2.3467,2.2754,-0.356,4
1625,5,0.31348,3.2646,0.62598,0,4
1625,5,0.10352,3.3018,0.20703,-0.71201,3
1625,5,0.31348,3.3174,-0.20898,-0.71201,5
1625,5,0.10352,3.2822,0.41504,-0.356,4
1625,5,0.31348,3.3203,0.15234,-0.356,7
1626,1,0.10352,3.3018,0.20703,-0.71201,2
1627,5,0.20508,3.248,0.41016,-0.71201,4
1627,5,0.29102,3.0781,-0.27637,-0.356,6
1627,5,0.5127,3.2178,0.37793,-0.356,9
1627,5,0.31055,3.293,-0.12598,-0.356,8
1627,5,0.52148,3.1865,-0.85059,-0.356,7
1628,6,0.39941,3.1318,0.4707,0,5
1628,6,0.30176,3.1592,0.55566,0,6
1628,6,0.19727,3.1484,0.22949,-0.356,6
1628,6,0.39941,3.1611,0.2002,-0.356,9
1628,6,0.30176,3.1914,0.31836,-0.356,10
1628,6,0.30469,3.2266,0.25879,-0.356,8
1630,5,0.39551,3.1387,0,0.356,7
1630,5,0.19922,3.1709,-0.31445,0.356,7
1630,5,0.10059,3.2129,-0.21387,0.356,6
1630,5,0.29883,3.1777,-0.055664,-0.356,7
1630,5,0.10059,3.2197,-0.071289,-0.356,6
1631,4,0.20898,3.332,-0.075195,0,4
1631,4,0,3.292,-0.33887,-0.356,4
1631,4,0.10449,3.2891,-0.56348,-0.356,6
1631,4,0.20703,3.2441,-0.62207,-0.356,4
1632,6,0,3.3096,0,0.356,3
1632,6,0,3.3389,0,0.356,4
1632,6,0.19629,3.0244,-0.7959,-0.356,6
1632,6,0.19727,3.0908,-0.6416,-0.356,6
1632,6,0,3.2998,0.25781,-0.356,4
1632,6,0,3.3389,0,-0.356,4
1634,3,0,3.1533,-0.66016,-0.356,4
1634,3,0,3.126,-0.89258,-0.356,4
1634,3,0,3.1758,-0.82031,-0.356,4
1635,4,0,3.1865,-0.47559,0.356,4
1635,4,-0.40234,3.0938,-0.80566,1.068,4
1635,4,-0.40625,3.208,-0.33301,1.068,3
1635,4,0,3.168,-0.39648,-0.356,5
1636,2,0,3.0625,-0.79102,0.356,4
1636,2,0,3.1484,-0.52734,0.356,4
1638,1,0,3.292,-0.33887,0.71201,3
1639,4,0,3.2891,-0.57422,1.068,4
1639,4,0,3.3027,-0.49316,1.424,3
1639,4,-0.38477,2.9531,-0.76855,-1.424,5
1639,4,-0.50293,3.0186,-1.0068,-0.356,3
1640,4,0,3.0879,0.31836,0.356,6
1640,4,0,3.1338,0,0.356,6
1640,4,0,3.1631,0,0.356,4
1640,4,-0.20117,3.2041,-0.27539,-0.356,4
1641,10,0,3.123,-0.26563,0,5
1641,10,-0.09668,3.1025,0.06543,0.356,10
1641,10,0,3.1328,0.071289,0.356,15
1641,10,-0.098633,3.1572,0.17578,0.356,16
1641,10,0,3.1719,0.36621,0.356,11
1641,10,0,3.165,0.60254,0.356,6
1641,10,0,3.123,-0.26563,-0.356,7
1641,10,0,3.1289,-0.4668,-0.356,9
1641,10,0,3.1504,-0.51953,-0.356,9
1641,10,0,3.1953,-0.41504,-0.356,6
1642,3,0,3.1572,0.19922,0.356,5
1642,3,0,3.1924,0,0.356,5
1642,3,0,3.165,-0.60254,0.356,3
1647,21,0.19043,3.0391,-0.068359,0,5
1647,21,0,3.0518,-0.38281,0,6
1647,21,0.09668,3.0938,-0.24707,0,7
1647,21,0.097656,3.125,-0.20801,0,6
1647,21,0.098633,3.1592,-0.12598,0,5
1647,21,0,3.0127,-0.44922,-1.068,6
1647,21,0,3.0664,-0.24023,-1.068,7
1647,21,0.18848,2.9736,-0.46973,-0.71201,10
1647,21,0.094727,3,-0.51758,-0.71201,15
1647,21,0.095703,3.042,-0.44336,-0.71201,17
1647,21,0.19434,3.0762,-0.375,-0.71201,14
1647,21,0.097656,3.123,-0.24414,-0.71201,10
1647,21,0.098633,3.1611,-0.070313,-0.71201,7
1647,21,0.18848,2.9756,-0.45703,-0.356,8
1647,21,0.094727,3.0244,-0.35059,-0.356,13
1647,21,0.19238,3.0488,-0.3584,-0.356,17
1647,21,0.09668,3.0938,-0.24512,-0.356,17
1647,21,0.19629,3.125,-0.13281,-0.356,16
1647,21,0.19727,3.1543,-0.11914,-0.356,13
1647,21,0.099609,3.1904,-0.071289,-0.356,8
1647,21,0.10059,3.2178,-0.12891,-0.356,5
1648,3,0.19629,3.125,-0.12598,-0.356,4
1648,3,0.29688,3.1465,0.12598,-0.356,5
1648,3,0.29883,3.1758,-0.12109,-0.356,4
1650,7,0.4668,2.9297,-0.35254,0,5
1650,7,0.37695,2.96,-0.44531,0,5
1650,7,0.46191,2.8691,-0.55469,0.356,6
1650,7,0.37305,2.9307,-0.44043,0.356,9
1650,7,0.47168,2.9512,-0.41211,0.356,11
1650,7,0.47559,2.9805,-0.41113,0.356,9
1650,7,0.37695,2.96,-0.44531,0.71201,6
1651,10,0.67871,3.0234,-0.19434,0,5
1651,10,0.68555,3.0518,-0.19629,0,6
1651,10,0.49414,3.1123,-0.26953,0,5
1651,10,0.38477,3.0176,-0.4541,0.356,5
1651,10,0.67871,3.0293,-0.03125,0.356,9
1651,10,0.48926,3.0908,-0.16406,0.356,10
1651,10,0.69238,3.0801,0.20313,0.356,10
1651,10,0.49902,3.1533,-0.022461,0.356,6
1651,10,0.48926,3.0791,-0.32227,0.71201,5
1651,10,0.69238,3.0752,0.26953,0.71201,5
1652,3,0.49414,3.0801,0.52148,0.71201,4
1652,3,0.59863,3.1318,0.15039,0.71201,5
1652,3,0.40234,3.1963,0,0.71201,3
1653,17,0.80566,3.1172,0.11328,0,7
1653,17,0.60938,3.1924,0.097656,0,6
1653,17,0.5127,3.2393,0.056641,0,5
1653,17,0.51758,3.2432,-0.41309,0,4
1653,17,0.48535,2.9316,-0.90039,0.356,7
1653,17,0.69824,3.0781,0.47559,0.356,8
1653,17,0.80566,3.1016,0.33008,0.356,14
1653,17,0.71094,3.1553,0.33105,0.356,14
1653,17,0.61523,3.2217,-0.049805,0.356,10
1653,17,0.41406,3.2773,-0.20801,0.356,4
1653,17,0.69824,3.084,0.43945,0.71201,9
1653,17,0.60449,3.1484,0.32422,0.71201,13
1653,17,0.71094,3.1523,0.35645,0.71201,13
1653,17,0.61523,3.208,0.30273,0.71201,9
1653,17,0.62012,3.25,0.075195,0.71201,4
1653,17,0.31055,3.292,0.13184,-0.356,3
1653,17,0.41699,3.3125,0,-0.356,4
1654,13,0.60938,3.1924,0.073242,0,5
1654,13,0.92285,3.1455,0.11426,0,7
1654,13,0.62012,3.25,0.075195,0,5
1654,13,0.80566,3.1152,0.16895,0.356,7
1654,13,0.8125,3.1348,0.28809,0.356,13
1654,13,0.71777,3.1924,0.23926,0.356,15
1654,13,0.72363,3.2129,0.3252,0.356,12
1654,13,0.62598,3.2256,0.59277,0.356,6
1654,13,0.80566,3.0947,0.39063,0.71201,6
1654,13,0.71094,3.167,0.19043,0.71201,11
1654,13,0.61523,3.2051,0.33008,0.71201,12
1654,13,0.62012,3.2275,0.38574,0.71201,9
1654,13,0.41699,3.1436,1.0449,0.71201,4
1655,9,0.68555,3.0488,-0.23242,0.356,8
1655,9,0.69238,3.082,-0.16797,0.356,10
1655,9,0.69824,3.1133,-0.12109,0.356,9
1655,9,0.60449,3.1592,0.17871,0.356,6
1655,9,0.51758,3.2568,-0.28125,0.356,3
1655,9,0.41699,3.2764,0.49316,0.356,3
1655,9,0.52148,3.291,0.20898,0.71201,3
1655,9,0.49902,3.1182,-0.47266,-0.356,6
1655,9,0.50293,3.124,-0.60449,-0.356,5
1656,20,0.48926,3.0791,-0.32227,0,5
1656,20,0.79102,3.0547,-0.22656,0,10
1656,20,0.59863,3.1143,-0.36523,0,11
1656,20,0.70508,3.125,-0.34668,0,10
1656,20,0.60938,3.1875,-0.19141,0,6
1656,20,0.88965,3.0322,-0.14355,0.356,8
1656,20,0.89746,3.0381,-0.39844,0.356,10
1656,20,0.80566,3.1016,-0.33008,0.356,9
1656,20,0.91406,3.0596,-0.60938,0.356,6
1656,20,0.79785,3.0908,0.038086,0.71201,9
1656,20,0.80566,3.1133,-0.19043,0.71201,7
1656,20,0.49902,3.1416,-0.27148,-0.71201,6
1656,20,0.80566,3.1016,-0.33008,-0.71201,7
1656,20,0.50781,3.209,-0.12988,-0.71201,4
1656,20,0.58789,3.0352,-0.51563,-0.356,8
1656,20,0.59277,3.082,-0.39551,-0.356,13
1656,20,0.69824,3.0898,-0.40039,-0.356,15
1656,20,0.60449,3.1445,-0.35352,-0.356,12
1656,20,0.50781,3.1992,-0.27637,-0.356,7
1656,20,-0.50781,1.2246,2.9688,-0.356,4
1657,9,0.39941,3.1191,-0.54883,0,5
1657,9,0.60449,3.1172,-0.54785,0,5
1657,9,0.50781,3.1523,-0.60938,0,3
1657,9,0.59277,2.9854,-0.8623,0.356,5
1657,9,0.69824,3.0664,-0.54785,0.356,7
1657,9,0.80566,3.0947,-0.39063,0.356,8
1657,9,0.71094,3.1396,-0.45703,0.356,6
1657,9,0.61523,3.1631,-0.61621,0.356,4
1657,9,-0.60938,1.4512,2.8447,0,2
1658,5,0.60938,3.167,-0.40625,0.356,4
1658,5,0.61523,3.1963,-0.41016,0.356,4
1658,5,0.51758,3.21,-0.62012,0.356,3
1658,5,0.82031,3.0684,-0.82031,0.71201,3
1658,5,-0.51758,2.6875,-1.8613,0.356,2
1659,1,0.62598,3.2529,0.41699,-0.356,3
1660,2,0.72363,3.2295,0.00097656,-0.356,4
1660,2,0.52148,3.252,0.55078,-0.356,5
1661,2,0.41016,3.2188,0.48438,-0.71201,3
1661,2,0.41406,3.2471,-0.48828,-0.71201,3
1662,4,0.40234,3.1904,0.20215,-0.356,5
1662,4,0.40625,3.208,0.33301,-0.356,5
1662,4,0.41016,3.2373,0.33594,-0.356,4
1662,4,0.70508,3.1318,0.27441,-0.356,5
1663,3,0.40234,3.1953,0.084961,-0.356,5
1663,3,0.40625,3.208,0.33301,-0.356,5
1663,3,0.5127,3.1943,0.54102,-0.356,4
1668,5,0.28516,3.0088,-0.38184,0.356,6
1668,5,0.48047,3.0205,-0.32031,0.356,10
1668,5,0.48535,3.04,-0.40137,0.356,11
1668,5,0.48926,3.0762,-0.34277,0.356,9
1668,5,0.59277,3.082,-0.39551,0.356,5
1670,16,0.28516,3.0264,-0.19043,0,6
1670,16,0.28809,3.0576,-0.15039,0,10
1670,16,0.19434,3.0791,-0.34668,0,11
1670,16,0.097656,3.1182,-0.29395,0,9
1670,16,0.19727,3.1426,-0.30371,0,8
1670,16,0.28809,3.0029,-0.59961,-0.71201,9
1670,16,0.19434,3.0127,-0.72363,-0.71201,10
1670,16,0.19629,3.082,-0.5332,-0.71201,9
1670,16,0,3.125,-0.49023,-0.71201,6
1670,16,0.28516,2.9756,-0.58301,-0.356,11
1670,16,0.28809,3.0352,-0.40625,-0.356,19
1670,16,0.29102,3.0684,-0.37305,-0.356,23
1670,16,0.19629,3.1064,-0.36133,-0.356,20
1670,16,0.098633,3.1406,-0.36328,-0.356,15
1670,16,0,3.3027,-0.49316,-0.356,4
1670,16,-0.76172,0.81641,2.834,-0.356,6
1671,1,0,3.2324,-0.83496,0.356,2
1672,1,0,3.0986,0.19531,-0.356,7
1673,6,0.09668,3.0889,-0.29785,0.356,8
1673,6,0,3.0996,-0.46289,0.356,9
1673,6,0.098633,3.1143,-0.54492,0.356,8
1673,6,0,3.0498,-0.94238,0.356,5
1673,6,0,3.0869,-0.53906,0.71201,6
1673,6,0,3.0957,-0.64746,0.71201,5
1674,3,0,3.0469,-0.41406,0.356,6
1674,3,0,3.0869,-0.33496,0.356,8
1674,3,0,3.124,-0.24414,0.356,7
1675,9,0,3.1279,-0.19727,0,4
1675,9,0,3.2227,-0.61426,0.71201,4
1675,9,0,3.251,-0.61914,0.71201,4
1675,9,0,3.2324,-0.83496,0.71201,3
1675,9,0,3.1758,-0.82031,1.068,3
1675,9,0,3.292,-0.33887,1.068,3
1675,9,0,3.1592,-0.16602,-0.356,6
1675,9,-1.1279,1.5449,2.665,1.068,2
1675,9,-1.2412,0,-3.3096,1.068,2
1676,14,0,3.1172,-0.32129,0,5
1676,14,-0.39551,3.1035,-0.4668,0,6
1676,14,-0.29883,3.1211,-0.59863,0,5
1676,14,-0.58789,2.9189,-0.97852,-1.78,4
1676,14,-0.49414,3.04,-0.7207,-1.78,4
1676,14,-0.29395,3.0342,-0.72949,-0.71201,10
1676,14,-0.29688,3.1094,-0.49805,-0.71201,11
1676,14,-0.29883,3.1563,-0.37598,-0.71201,9
1676,14,-0.20117,3.1904,-0.40234,-0.71201,5
1676,14,-0.19434,3.0742,-0.3877,-0.356,7
1676,14,-0.29395,3.0508,-0.6543,-0.356,11
1676,14,-0.39551,3.0947,-0.52246,-0.356,12
1676,14,-0.29883,3.1387,-0.50195,-0.356,10
1676,14,-0.30176,3.1641,-0.52539,-0.356,6
1677,8,0,3.1572,-0.4707,-0.71201,4
1677,8,-0.20117,3.1133,-0.80371,-0.71201,5
1677,8,-0.20313,3.2002,-0.53516,-0.71201,5
1677,8,-0.19727,3.1318,-0.39551,-0.356,5
1677,8,0,3.1279,-0.63867,-0.356,6
1677,8,0,3.1865,-0.47559,-0.356,7
1677,8,-0.30469,3.1895,-0.54883,-0.356,6
1677,8,0,3.2773,-0.12988,-0.356,3
1680,2,0,3.1338,0,0.356,6
1680,2,0,3.1621,0.077148,0.356,5
1681,4,0,3.0752,0.057617,0.356,5
1681,4,0,3.1025,-0.10938,0.356,6
1681,4,0,3.1143,-0.35254,0.356,6
1681,4,-0.097656,3.1045,-0.41406,0.356,6
1684,4,0,3.0869,-0.33496,-0.356,5
1684,4,0,3.1045,-0.43164,-0.356,7
1684,4,0,3.1328,-0.43555,-0.356,6
1684,4,0,3.1758,-0.32715,-0.356,4
1685,12,0,3.04,-0.19141,0,5
1685,12,0,3.0332,-0.50781,0,8
1685,12,0,3.0928,-0.27051,0,8
1685,12,0.097656,3.1006,-0.44629,0,6
1685,12,0,3.042,-0.4541,-0.71201,7
1685,12,0,3.0498,-0.58105,-0.71201,7
1685,12,0,2.9941,-0.36523,-0.356,5
1685,12,0.19043,3.0244,-0.30664,-0.356,12
1685,12,0,3.0381,-0.47949,-0.356,17
1685,12,0,3.0732,-0.44141,-0.356,17
1685,12,0,3.0869,-0.53906,-0.356,12
1685,12,0,3.0996,-0.63281,-0.356,6
